sex,race_eth,age_group,year,population
female,black,0-4,2000,393576.1714469859
female,black,0-4,2001,189369.57042631705
female,black,0-4,2002,182291.10877619602
female,black,0-4,2003,176310.49595896498
female,black,0-4,2004,170939.98750771704
female,black,0-4,2005,165856.811065021
female,black,0-4,2006,162223.328569883
female,black,0-4,2007,160077.61182163097
female,black,0-4,2008,159151.61517169702
female,black,0-4,2009,157103.13513575902
female,black,0-4,2010,233684.14191302803
female,black,0-4,2011,78857
female,black,0-4,2012,79389
female,black,0-4,2013,79477
female,black,0-4,2014,79313
female,black,0-4,2015,78667
female,black,0-4,2016,77579
female,black,0-4,2017,75847
female,black,0-4,2018,73444
female,black,0-4,2019,70134
female,black,0-4,2020,65579
female,black,5-9,2000,399839.984562059
female,black,5-9,2001,194083.86521642498
female,black,5-9,2002,187938.68945408802
female,black,5-9,2003,181392.23441665902
female,black,5-9,2004,174382.65159610502
female,black,5-9,2005,166732.59109665602
female,black,5-9,2006,159466.536303068
female,black,5-9,2007,153740.607665045
female,black,5-9,2008,149546.041378836
female,black,5-9,2009,140835.48377963202
female,black,5-9,2010,204733.218589779
female,black,5-9,2011,66084
female,black,5-9,2012,64771
female,black,5-9,2013,63495
female,black,5-9,2014,62723
female,black,5-9,2015,62271
female,black,5-9,2016,62082
female,black,5-9,2017,62235
female,black,5-9,2018,62384
female,black,5-9,2019,61569
female,black,5-9,2020,59680
female,black,10-14,2000,374444.611421422
female,black,10-14,2001,191710.88914479502
female,black,10-14,2002,194164.443231765
female,black,10-14,2003,195343.46102067496
female,black,10-14,2004,194560.686278803
female,black,10-14,2005,191905.99230090197
female,black,10-14,2006,188301.41150527503
female,black,10-14,2007,183628.237311486
female,black,10-14,2008,178204.63391252302
female,black,10-14,2009,164613.231745605
female,black,10-14,2010,234472.059854306
female,black,10-14,2011,75088
female,black,10-14,2012,72758
female,black,10-14,2013,70271
female,black,10-14,2014,67848
female,black,10-14,2015,65449
female,black,10-14,2016,63313
female,black,10-14,2017,61861
female,black,10-14,2018,61399
female,black,10-14,2019,62168
female,black,10-14,2020,62945
female,black,15-19,2000,321497.289355489
female,black,15-19,2001,162958.47240748597
female,black,15-19,2002,167086.37064386898
female,black,15-19,2003,170643.86944952898
female,black,15-19,2004,173552.72435282898
female,black,15-19,2005,176156.53443313
female,black,15-19,2006,179037.655812246
female,black,15-19,2007,181090.758323883
female,black,15-19,2008,182714.730278878
female,black,15-19,2009,184473.394816807
female,black,15-19,2010,272940.283105291
female,black,15-19,2011,88618
female,black,15-19,2012,86252
female,black,15-19,2013,83377
female,black,15-19,2014,80422
female,black,15-19,2015,77503
female,black,15-19,2016,74664
female,black,15-19,2017,72072
female,black,15-19,2018,69670
female,black,15-19,2019,67174
female,black,15-19,2020,63948
female,black,20-24,2000,292341.782780486
female,black,20-24,2001,146622.628007967
female,black,20-24,2002,149036.665528518
female,black,20-24,2003,151837.979624436
female,black,20-24,2004,154491.960268206
female,black,20-24,2005,155729.617781709
female,black,20-24,2006,156881.58886333
female,black,20-24,2007,158015.901204541
female,black,20-24,2008,159477.411023591
female,black,20-24,2009,162266.504229244
female,black,20-24,2010,244981.76262713398
female,black,20-24,2011,84433
female,black,20-24,2012,86205
female,black,20-24,2013,87265
female,black,20-24,2014,87659
female,black,20-24,2015,87215
female,black,20-24,2016,85798
female,black,20-24,2017,83571
female,black,20-24,2018,80720
female,black,20-24,2019,77239
female,black,20-24,2020,72249
female,black,25-29,2000,323035.857957266
female,black,25-29,2001,152821.94174998702
female,black,25-29,2002,147588.80856784
female,black,25-29,2003,144952.496671697
female,black,25-29,2004,144106.589015853
female,black,25-29,2005,144419.35017513199
female,black,25-29,2006,145497.434502994
female,black,25-29,2007,147186.73881569703
female,black,25-29,2008,149110.739885817
female,black,25-29,2009,150548.794881567
female,black,25-29,2010,224609.422242605
female,black,25-29,2011,75743
female,black,25-29,2012,76663
female,black,25-29,2013,77693
female,black,25-29,2014,79114
female,black,25-29,2015,80887
female,black,25-29,2016,82822
female,black,25-29,2017,84904
female,black,25-29,2018,86989
female,black,25-29,2019,89410
female,black,25-29,2020,89069
female,black,30-34,2000,358125.703878734
female,black,30-34,2001,175439.08490047103
female,black,30-34,2002,173143.032521022
female,black,30-34,2003,169532.957168232
female,black,30-34,2004,164684.383883144
female,black,30-34,2005,158613.816772948
female,black,30-34,2006,151991.24700741097
female,black,30-34,2007,145894.419415332
female,black,30-34,2008,141833.007422118
female,black,30-34,2009,139790.815505673
female,black,30-34,2010,209311.44372615503
female,black,30-34,2011,71840
female,black,30-34,2012,73392
female,black,30-34,2013,74812
female,black,30-34,2014,76106
female,black,30-34,2015,77030
female,black,30-34,2016,77658
female,black,30-34,2017,78447
female,black,30-34,2018,79629
female,black,30-34,2019,81740
female,black,30-34,2020,80501
female,black,35-39,2000,395400.3817607539
female,black,35-39,2001,195273.64021744102
female,black,35-39,2002,191562.86449402996
female,black,35-39,2003,186363.21687836805
female,black,35-39,2004,180623.417577428
female,black,35-39,2005,174219.285632683
female,black,35-39,2006,169501.59111092
female,black,35-39,2007,166505.816954788
female,black,35-39,2008,163449.58191949798
female,black,35-39,2009,154267.12176157295
female,black,35-39,2010,223229.324359347
female,black,35-39,2011,71833
female,black,35-39,2012,70647
female,black,35-39,2013,70154
female,black,35-39,2014,70687
female,black,35-39,2015,71741
female,black,35-39,2016,73018
female,black,35-39,2017,74128
female,black,35-39,2018,74681
female,black,35-39,2019,74194
female,black,35-39,2020,71234
female,black,40-44,2000,357763.151546526
female,black,40-44,2001,184256.546286226
female,black,40-44,2002,188558.54756547202
female,black,40-44,2003,191190.662836868
female,black,40-44,2004,191667.18057395204
female,black,40-44,2005,190610.81130415096
female,black,40-44,2006,188040.794989336
female,black,40-44,2007,184197.61008672696
female,black,40-44,2008,179104.516489267
female,black,40-44,2009,167483.779979372
female,black,40-44,2010,242911.48277766403
female,black,40-44,2011,79924
female,black,40-44,2012,78692
female,black,40-44,2013,77286
female,black,40-44,2014,75586
female,black,40-44,2015,73683
female,black,40-44,2016,71590
female,black,40-44,2017,69890
female,black,40-44,2018,68833
female,black,40-44,2019,68638
female,black,40-44,2020,66089
female,black,45-49,2000,298409.187571374
female,black,45-49,2001,152941.374255914
female,black,45-49,2002,157615.68251639098
female,black,45-49,2003,163017.045970296
female,black,45-49,2004,168104.989407303
female,black,45-49,2005,172255.00706587598
female,black,45-49,2006,176443.55180573097
female,black,45-49,2007,179997.970560006
female,black,45-49,2008,182351.223178952
female,black,45-49,2009,180981.53960804798
female,black,45-49,2010,267788.616998721
female,black,45-49,2011,87618
female,black,45-49,2012,86135
female,black,45-49,2013,84188
female,black,45-49,2014,82212
female,black,45-49,2015,80367
female,black,45-49,2016,78723
female,black,45-49,2017,77250
female,black,45-49,2018,75625
female,black,45-49,2019,73311
female,black,45-49,2020,68609
female,black,50-54,2000,237528.38347926698
female,black,50-54,2001,127210.65508579001
female,black,50-54,2002,133544.43644834
female,black,50-54,2003,137821.263261255
female,black,50-54,2004,140952.40023781604
female,black,50-54,2005,143171.620951295
female,black,50-54,2006,145881.293006144
female,black,50-54,2007,149562.232750521
female,black,50-54,2008,153766.395063503
female,black,50-54,2009,161711.994788496
female,black,50-54,2010,246058.56260617
female,black,50-54,2011,84557
female,black,50-54,2012,85854
female,black,50-54,2013,86478
female,black,50-54,2014,86545
female,black,50-54,2015,85993
female,black,50-54,2016,84896
female,black,50-54,2017,83345
female,black,50-54,2018,81236
female,black,50-54,2019,78816
female,black,50-54,2020,73744
female,black,55-59,2000,183799.30332462105
female,black,55-59,2001,93893.40557217899
female,black,55-59,2002,96685.557820742
female,black,55-59,2003,100998.19409366799
female,black,55-59,2004,105740.76490177301
female,black,55-59,2005,110855.919175764
female,black,55-59,2006,116892.62972067799
female,black,55-59,2007,122930.94117593498
female,black,55-59,2008,127794.328661431
female,black,55-59,2009,132555.684690064
female,black,55-59,2010,200434.367439136
female,black,55-59,2011,69568
female,black,55-59,2012,71771
female,black,55-59,2013,74004
female,black,55-59,2014,76326
female,black,55-59,2015,78295
female,black,55-59,2016,80028
female,black,55-59,2017,81462
female,black,55-59,2018,82092
female,black,55-59,2019,81738
female,black,55-59,2020,78704
female,black,60-64,2000,151303.58873645
female,black,60-64,2001,77428.525548425
female,black,60-64,2002,78915.334463412
female,black,60-64,2003,80964.41610782301
female,black,60-64,2004,83129.188068099
female,black,60-64,2005,85115.78873412899
female,black,60-64,2006,86671.56463404902
female,black,60-64,2007,88611.34421652
female,black,60-64,2008,91134.52599250399
female,black,60-64,2009,99561.968119546
female,black,60-64,2010,154346.781665974
female,black,60-64,2011,55191
female,black,60-64,2012,57518
female,black,60-64,2013,59170
female,black,60-64,2014,60540
female,black,60-64,2015,62025
female,black,60-64,2016,63617
female,black,60-64,2017,65583
female,black,60-64,2018,67785
female,black,60-64,2019,69860
female,black,60-64,2020,69233
female,black,65-69,2000,121311.56564119301
female,black,65-69,2001,62296.94999138301
female,black,65-69,2002,63905.171046516
female,black,65-69,2003,65686.425846832
female,black,65-69,2004,67100.9409861
female,black,65-69,2005,68258.38708250901
female,black,65-69,2006,69556.744061523
female,black,65-69,2007,70780.294568092
female,black,65-69,2008,72246.735397009
female,black,65-69,2009,76001.414599114
female,black,65-69,2010,115720.10742600399
female,black,65-69,2011,39844
female,black,65-69,2012,40971
female,black,65-69,2013,42370
female,black,65-69,2014,44214
female,black,65-69,2015,46334
female,black,65-69,2016,48578
female,black,65-69,2017,50845
female,black,65-69,2018,52698
female,black,65-69,2019,54196
female,black,65-69,2020,54007
female,black,70-74,2000,101512.924243323
female,black,70-74,2001,51228.536712336994
female,black,70-74,2002,51074.506869738005
female,black,70-74,2003,51042.885698888
female,black,70-74,2004,51717.23988682799
female,black,70-74,2005,52598.08779381
female,black,70-74,2006,53568.690521845
female,black,70-74,2007,54784.581693199994
female,black,70-74,2008,56190.532406016
female,black,70-74,2009,58405.15356682601
female,black,70-74,2010,88954.908212353
female,black,70-74,2011,30595
female,black,70-74,2012,31314
female,black,70-74,2013,31928
female,black,70-74,2014,32624
female,black,70-74,2015,33282
female,black,70-74,2016,34024
female,black,70-74,2017,35110
female,black,70-74,2018,36711
female,black,70-74,2019,38862
female,black,70-74,2020,39798
female,black,75-79,2000,81048.53009014501
female,black,75-79,2001,41172.232209148
female,black,75-79,2002,41721.88093833
female,black,75-79,2003,41900.838406895
female,black,75-79,2004,41913.592853445
female,black,75-79,2005,41696.403868454996
female,black,75-79,2006,41683.190552355
female,black,75-79,2007,41542.612850926
female,black,75-79,2008,41414.96685436
female,black,75-79,2009,42385.843897379
female,black,75-79,2010,64515.251750939
female,black,75-79,2011,22348
female,black,75-79,2012,22917
female,black,75-79,2013,23404
female,black,75-79,2014,23886
female,black,75-79,2015,24367
female,black,75-79,2016,24819
female,black,75-79,2017,25468
female,black,75-79,2018,26271
female,black,75-79,2019,27304
female,black,75-79,2020,27600
female,black,80-84,2000,51761.196355495995
female,black,80-84,2001,27230.373669028002
female,black,80-84,2002,27938.629904921003
female,black,80-84,2003,28646.124762962005
female,black,80-84,2004,29174.078640933003
female,black,80-84,2005,29736.763636937998
female,black,80-84,2006,30041.440039533
female,black,80-84,2007,30495.514154634002
female,black,80-84,2008,30816.988703464005
female,black,80-84,2009,30958.558990187004
female,black,80-84,2010,46417.520342742
female,black,80-84,2011,15656
female,black,80-84,2012,15728
female,black,80-84,2013,15807
female,black,80-84,2014,15988
female,black,80-84,2015,16335
female,black,80-84,2016,16765
female,black,80-84,2017,17233
female,black,80-84,2018,17813
female,black,80-84,2019,18498
female,black,80-84,2020,18965
female,black,85-89,2000,29372.792543233
female,black,85-89,2001,15277.077807177002
female,black,85-89,2002,15612.314914412002
female,black,85-89,2003,16002.12673722
female,black,85-89,2004,16074.745128096001
female,black,85-89,2005,16129.277770099998
female,black,85-89,2006,16631.642562665
female,black,85-89,2007,17011.828704804
female,black,85-89,2008,17523.908509719
female,black,85-89,2009,18307.145521360002
female,black,85-89,2010,28159.757637710998
female,black,85-89,2011,9757
female,black,85-89,2012,9910
female,black,85-89,2013,10025
female,black,85-89,2014,10104
female,black,85-89,2015,10168
female,black,85-89,2016,10158
female,black,85-89,2017,10244
female,black,85-89,2018,10329
female,black,85-89,2019,10497
female,black,85-89,2020,11254
female,black,90+,2000,16497.571552997
female,black,90+,2001,8041.571264547001
female,black,90+,2002,8350.497734543
female,black,90+,2003,8736.088355612
female,black,90+,2004,9153.761453035
female,black,90+,2005,9468.700499579001
female,black,90+,2006,9671.860691476999
female,black,90+,2007,9829.399772274002
female,black,90+,2008,10007.967730397
female,black,90+,2009,10593.123446495
female,black,90+,2010,15927.537385160998
female,black,90+,2011,5628
female,black,90+,2012,5820
female,black,90+,2013,6003
female,black,90+,2014,6186
female,black,90+,2015,6395
female,black,90+,2016,6497
female,black,90+,2017,6660
female,black,90+,2018,6804
female,black,90+,2019,6965
female,black,90+,2020,7515
female,hispanic,0-4,2000,2804850.9950799607
female,hispanic,0-4,2001,1427669.293786411
female,hispanic,0-4,2002,1457212.0777861031
female,hispanic,0-4,2003,1489837.448333095
female,hispanic,0-4,2004,1520462.6300807572
female,hispanic,0-4,2005,1544474.788229875
female,hispanic,0-4,2006,1564064.665678657
female,hispanic,0-4,2007,1574754.410470982
female,hispanic,0-4,2008,1581567.788797855
female,hispanic,0-4,2009,1576733.8570689752
female,hispanic,0-4,2010,2369105.826963776
female,hispanic,0-4,2011,787968
female,hispanic,0-4,2012,783314
female,hispanic,0-4,2013,774653
female,hispanic,0-4,2014,763809
female,hispanic,0-4,2015,750500
female,hispanic,0-4,2016,735586
female,hispanic,0-4,2017,721676
female,hispanic,0-4,2018,711905
female,hispanic,0-4,2019,713772
female,hispanic,0-4,2020,814948
female,hispanic,5-9,2000,2391660.378974942
female,hispanic,5-9,2001,1229576.6839487208
female,hispanic,5-9,2002,1245553.991220727
female,hispanic,5-9,2003,1255343.567160279
female,hispanic,5-9,2004,1256590.440581596
female,hispanic,5-9,2005,1253046.256506894
female,hispanic,5-9,2006,1251708.217252882
female,hispanic,5-9,2007,1259630.476309086
female,hispanic,5-9,2008,1267031.2356532752
female,hispanic,5-9,2009,1258041.154372598
female,hispanic,5-9,2010,1898069.322274424
female,hispanic,5-9,2011,647606
female,hispanic,5-9,2012,662211
female,hispanic,5-9,2013,678949
female,hispanic,5-9,2014,696161
female,hispanic,5-9,2015,708790
female,hispanic,5-9,2016,714039
female,hispanic,5-9,2017,710359
female,hispanic,5-9,2018,697385
female,hispanic,5-9,2019,680445
female,hispanic,5-9,2020,720857
female,hispanic,10-14,2000,1987358.7804854661
female,hispanic,10-14,2001,1065997.1015735231
female,hispanic,10-14,2002,1118777.197250008
female,hispanic,10-14,2003,1171122.858636345
female,hispanic,10-14,2004,1215665.871538523
female,hispanic,10-14,2005,1249447.5034349118
female,hispanic,10-14,2006,1275861.672177516
female,hispanic,10-14,2007,1291541.2989845802
female,hispanic,10-14,2008,1296484.247726591
female,hispanic,10-14,2009,1273879.8283903962
female,hispanic,10-14,2010,1925262.404339721
female,hispanic,10-14,2011,647290
female,hispanic,10-14,2012,654161
female,hispanic,10-14,2013,663243
female,hispanic,10-14,2014,674494
female,hispanic,10-14,2015,685717
female,hispanic,10-14,2016,696124
female,hispanic,10-14,2017,705234
female,hispanic,10-14,2018,711191
female,hispanic,10-14,2019,713879
female,hispanic,10-14,2020,747750
female,hispanic,15-19,2000,1896450.3223699292
female,hispanic,15-19,2001,979847.4107422099
female,hispanic,15-19,2002,999889.0283964839
female,hispanic,15-19,2003,1027205.4180964569
female,hispanic,15-19,2004,1055425.941552751
female,hispanic,15-19,2005,1083134.021358473
female,hispanic,15-19,2006,1115507.286884692
female,hispanic,15-19,2007,1150260.214953417
female,hispanic,15-19,2008,1187686.943459927
female,hispanic,15-19,2009,1249501.677500656
female,hispanic,15-19,2010,1944581.973320605
female,hispanic,15-19,2011,659948
female,hispanic,15-19,2012,667304
female,hispanic,15-19,2013,672599
female,hispanic,15-19,2014,677025
female,hispanic,15-19,2015,680225
female,hispanic,15-19,2016,682387
female,hispanic,15-19,2017,683077
female,hispanic,15-19,2018,680396
female,hispanic,15-19,2019,672534
female,hispanic,15-19,2020,677523
female,hispanic,20-24,2000,1923162.330917896
female,hispanic,20-24,2001,985966.7607670239
female,hispanic,20-24,2002,998979.7963847851
female,hispanic,20-24,2003,1018997.818447146
female,hispanic,20-24,2004,1040017.8941242709
female,hispanic,20-24,2005,1057404.6210967
female,hispanic,20-24,2006,1074608.3794317162
female,hispanic,20-24,2007,1087930.595534177
female,hispanic,20-24,2008,1099852.953672983
female,hispanic,20-24,2009,1107168.681193423
female,hispanic,20-24,2010,1695393.934124764
female,hispanic,20-24,2011,584808
female,hispanic,20-24,2012,602657
female,hispanic,20-24,2013,621706
female,hispanic,20-24,2014,641468
female,hispanic,20-24,2015,658351
female,hispanic,20-24,2016,669739
female,hispanic,20-24,2017,674364
female,hispanic,20-24,2018,670022
female,hispanic,20-24,2019,655204
female,hispanic,20-24,2020,644802
female,hispanic,25-29,2000,1994938.9332046208
female,hispanic,25-29,2001,1021795.9849969489
female,hispanic,25-29,2002,1025607.9509451949
female,hispanic,25-29,2003,1033190.6261060949
female,hispanic,25-29,2004,1037380.188299054
female,hispanic,25-29,2005,1040086.242712916
female,hispanic,25-29,2006,1045626.012222934
female,hispanic,25-29,2007,1059213.3946316869
female,hispanic,25-29,2008,1077517.301414975
female,hispanic,25-29,2009,1098642.0494489789
female,hispanic,25-29,2010,1676458.1449558458
female,hispanic,25-29,2011,558775
female,hispanic,25-29,2012,560093
female,hispanic,25-29,2013,560947
female,hispanic,25-29,2014,564148
female,hispanic,25-29,2015,570467
female,hispanic,25-29,2016,580695
female,hispanic,25-29,2017,596122
female,hispanic,25-29,2018,614287
female,hispanic,25-29,2019,630810
female,hispanic,25-29,2020,648126
female,hispanic,30-34,2000,1837789.4774827568
female,hispanic,30-34,2001,958988.099203094
female,hispanic,30-34,2002,981130.50947473
female,hispanic,30-34,2003,1004167.680036993
female,hispanic,30-34,2004,1022224.8853076319
female,hispanic,30-34,2005,1033428.441469216
female,hispanic,30-34,2006,1041100.4219832319
female,hispanic,30-34,2007,1047691.9445731188
female,hispanic,30-34,2008,1054928.245910363
female,hispanic,30-34,2009,1060316.1102935139
female,hispanic,30-34,2010,1599625.883968546
female,hispanic,30-34,2011,541148
female,hispanic,30-34,2012,547360
female,hispanic,30-34,2013,552888
female,hispanic,30-34,2014,557993
female,hispanic,30-34,2015,561089
female,hispanic,30-34,2016,561669
female,hispanic,30-34,2017,561041
female,hispanic,30-34,2018,560805
female,hispanic,30-34,2019,563847
female,hispanic,30-34,2020,568219
female,hispanic,35-39,2000,1641243.6895105492
female,hispanic,35-39,2001,857664.078674834
female,hispanic,35-39,2002,878633.8220198291
female,hispanic,35-39,2003,900247.72856262
female,hispanic,35-39,2004,919402.9871526859
female,hispanic,35-39,2005,934264.594182094
female,hispanic,35-39,2006,952511.3820084629
female,hispanic,35-39,2007,976500.5698555
female,hispanic,35-39,2008,1001337.1401658899
female,hispanic,35-39,2009,1031429.3778867791
female,hispanic,35-39,2010,1563365.730711543
female,hispanic,35-39,2011,526089
female,hispanic,35-39,2012,530326
female,hispanic,35-39,2013,533735
female,hispanic,35-39,2014,537354
female,hispanic,35-39,2015,540675
female,hispanic,35-39,2016,543965
female,hispanic,35-39,2017,548090
female,hispanic,35-39,2018,551602
female,hispanic,35-39,2019,552069
female,hispanic,35-39,2020,543346
female,hispanic,40-44,2000,1338408.5913586682
female,hispanic,40-44,2001,709841.0025092349
female,hispanic,40-44,2002,740194.098418311
female,hispanic,40-44,2003,770027.5091970789
female,hispanic,40-44,2004,798060.029983566
female,hispanic,40-44,2005,824296.022300828
female,hispanic,40-44,2006,848137.9381304528
female,hispanic,40-44,2007,867744.500332694
female,hispanic,40-44,2008,885675.4299517189
female,hispanic,40-44,2009,916658.4897281171
female,hispanic,40-44,2010,1391706.7615245269
female,hispanic,40-44,2011,479705
female,hispanic,40-44,2012,491382
female,hispanic,40-44,2013,500757
female,hispanic,40-44,2014,509028
female,hispanic,40-44,2015,515258
female,hispanic,40-44,2016,518946
female,hispanic,40-44,2017,521043
female,hispanic,40-44,2018,521188
female,hispanic,40-44,2019,517524
female,hispanic,40-44,2020,492294
female,hispanic,45-49,2000,1023743.3534601681
female,hispanic,45-49,2001,547675.991143573
female,hispanic,45-49,2002,579255.461147564
female,hispanic,45-49,2003,613198.117671657
female,hispanic,45-49,2004,645742.604613775
female,hispanic,45-49,2005,674298.475968306
female,hispanic,45-49,2006,701627.6074080849
female,hispanic,45-49,2007,729572.476600555
female,hispanic,45-49,2008,755496.982784429
female,hispanic,45-49,2009,798787.116732603
female,hispanic,45-49,2010,1228573.854555585
female,hispanic,45-49,2011,420515
female,hispanic,45-49,2012,428825
female,hispanic,45-49,2013,435289
female,hispanic,45-49,2014,442121
female,hispanic,45-49,2015,450078
female,hispanic,45-49,2016,459155
female,hispanic,45-49,2017,469810
female,hispanic,45-49,2018,479108
female,hispanic,45-49,2019,483009
female,hispanic,45-49,2020,454629
female,hispanic,50-54,2000,751985.97153839
female,hispanic,50-54,2001,410279.17797497497
female,hispanic,50-54,2002,435939.7361981991
female,hispanic,50-54,2003,460950.50501569296
female,hispanic,50-54,2004,485171.796972194
female,hispanic,50-54,2005,509804.372676341
female,hispanic,50-54,2006,536444.9590853971
female,hispanic,50-54,2007,566110.62697608
female,hispanic,50-54,2008,597041.642316492
female,hispanic,50-54,2009,651911.678599678
female,hispanic,50-54,2010,1005261.929207777
female,hispanic,50-54,2011,349820
female,hispanic,50-54,2012,360537
female,hispanic,50-54,2013,368872
female,hispanic,50-54,2014,376917
female,hispanic,50-54,2015,385088
female,hispanic,50-54,2016,393019
female,hispanic,50-54,2017,401572
female,hispanic,50-54,2018,410485
female,hispanic,50-54,2019,418865
female,hispanic,50-54,2020,401081
female,hispanic,55-59,2000,542609.086995562
female,hispanic,55-59,2001,290158.45164235804
female,hispanic,55-59,2002,308241.804629482
female,hispanic,55-59,2003,329402.92889114097
female,hispanic,55-59,2004,351058.546964862
female,hispanic,55-59,2005,372555.34312096296
female,hispanic,55-59,2006,395924.192733443
female,hispanic,55-59,2007,419275.93396831397
female,hispanic,55-59,2008,442782.757066795
female,hispanic,55-59,2009,483955.78443798004
female,hispanic,55-59,2010,755074.071016384
female,hispanic,55-59,2011,268516
female,hispanic,55-59,2012,281088
female,hispanic,55-59,2013,292038
female,hispanic,55-59,2014,302537
female,hispanic,55-59,2015,312784
female,hispanic,55-59,2016,322832
female,hispanic,55-59,2017,334167
female,hispanic,55-59,2018,346344
female,hispanic,55-59,2019,358637
female,hispanic,55-59,2020,351960
female,hispanic,60-64,2000,427762.329951391
female,hispanic,60-64,2001,224480.14558224595
female,hispanic,60-64,2002,232832.76229813002
female,hispanic,60-64,2003,243398.234700408
female,hispanic,60-64,2004,255687.80835813505
female,hispanic,60-64,2005,268954.310937212
female,hispanic,60-64,2006,282453.483998747
female,hispanic,60-64,2007,297967.601953573
female,hispanic,60-64,2008,314544.065771921
female,hispanic,60-64,2009,351405.424328509
female,hispanic,60-64,2010,550885.917771267
female,hispanic,60-64,2011,196050
female,hispanic,60-64,2012,205603
female,hispanic,60-64,2013,213513
female,hispanic,60-64,2014,221586
female,hispanic,60-64,2015,230945
female,hispanic,60-64,2016,241773
female,hispanic,60-64,2017,254788
female,hispanic,60-64,2018,269130
female,hispanic,60-64,2019,283244
female,hispanic,60-64,2020,279653
female,hispanic,65-69,2000,355117.30310052104
female,hispanic,65-69,2001,183806.91516144597
female,hispanic,65-69,2002,188868.33945279
female,hispanic,65-69,2003,195281.41356606697
female,hispanic,65-69,2004,202237.313285483
female,hispanic,65-69,2005,209328.145483719
female,hispanic,65-69,2006,216578.28783101705
female,hispanic,65-69,2007,224147.78851546498
female,hispanic,65-69,2008,232715.840689864
female,hispanic,65-69,2009,253047.937276209
female,hispanic,65-69,2010,393500.624711732
female,hispanic,65-69,2011,138221
female,hispanic,65-69,2012,144211
female,hispanic,65-69,2013,149632
female,hispanic,65-69,2014,155778
female,hispanic,65-69,2015,162973
female,hispanic,65-69,2016,171085
female,hispanic,65-69,2017,180873
female,hispanic,65-69,2018,192047
female,hispanic,65-69,2019,204417
female,hispanic,65-69,2020,202070
female,hispanic,70-74,2000,286906.358486298
female,hispanic,70-74,2001,152377.67694158698
female,hispanic,70-74,2002,157664.64304388702
female,hispanic,70-74,2003,162150.30341402598
female,hispanic,70-74,2004,165809.776979174
female,hispanic,70-74,2005,168962.096192854
female,hispanic,70-74,2006,172384.441632201
female,hispanic,70-74,2007,176428.200931125
female,hispanic,70-74,2008,181613.590266939
female,hispanic,70-74,2009,193183.95612903603
female,hispanic,70-74,2010,297926.914643355
female,hispanic,70-74,2011,102264
female,hispanic,70-74,2012,104760
female,hispanic,70-74,2013,106597
female,hispanic,70-74,2014,109037
female,hispanic,70-74,2015,112471
female,hispanic,70-74,2016,116883
female,hispanic,70-74,2017,123113
female,hispanic,70-74,2018,131615
female,hispanic,70-74,2019,142189
female,hispanic,70-74,2020,140113
female,hispanic,75-79,2000,192917.599608389
female,hispanic,75-79,2001,104285.335047692
female,hispanic,75-79,2002,110272.077709011
female,hispanic,75-79,2003,116160.621094489
female,hispanic,75-79,2004,122204.25249765001
female,hispanic,75-79,2005,127596.62056750202
female,hispanic,75-79,2006,133342.518287721
female,hispanic,75-79,2007,138762.116358981
female,hispanic,75-79,2008,143704.622872592
female,hispanic,75-79,2009,150140.65165295702
female,hispanic,75-79,2010,228835.866006309
female,hispanic,75-79,2011,77534
female,hispanic,75-79,2012,78612
female,hispanic,75-79,2013,79241
female,hispanic,75-79,2014,80233
female,hispanic,75-79,2015,81646
female,hispanic,75-79,2016,83402
female,hispanic,75-79,2017,86127
female,hispanic,75-79,2018,90213
female,hispanic,75-79,2019,96194
female,hispanic,75-79,2020,93326
female,hispanic,80-84,2000,104648.18978985799
female,hispanic,80-84,2001,57301.114476115996
female,hispanic,80-84,2002,62259.923385868
female,hispanic,80-84,2003,67409.89026306602
female,hispanic,80-84,2004,72105.121209075
female,hispanic,80-84,2005,77015.24407153
female,hispanic,80-84,2006,81776.640595919
female,hispanic,80-84,2007,86974.824418634
female,hispanic,80-84,2008,92175.858112926
female,hispanic,80-84,2009,102104.131067378
female,hispanic,80-84,2010,158470.830247877
female,hispanic,80-84,2011,55548
female,hispanic,80-84,2012,57160
female,hispanic,80-84,2013,57894
female,hispanic,80-84,2014,58218
female,hispanic,80-84,2015,58485
female,hispanic,80-84,2016,58951
female,hispanic,80-84,2017,60141
female,hispanic,80-84,2018,62276
female,hispanic,80-84,2019,65311
female,hispanic,80-84,2020,62787
female,hispanic,85-89,2000,57441.249791618
female,hispanic,85-89,2001,30159.167009328
female,hispanic,85-89,2002,31222.522136484997
female,hispanic,85-89,2003,32423.165882099005
female,hispanic,85-89,2004,33857.562654794005
female,hispanic,85-89,2005,35231.967611945
female,hispanic,85-89,2006,37641.536095434996
female,hispanic,85-89,2007,40809.003426532
female,hispanic,85-89,2008,44086.71315282
female,hispanic,85-89,2009,51723.315596033004
female,hispanic,85-89,2010,81929.983051573
female,hispanic,85-89,2011,29508
female,hispanic,85-89,2012,30947
female,hispanic,85-89,2013,32100
female,hispanic,85-89,2014,33223
female,hispanic,85-89,2015,34470
female,hispanic,85-89,2016,35801
female,hispanic,85-89,2017,37348
female,hispanic,85-89,2018,38890
female,hispanic,85-89,2019,40167
female,hispanic,85-89,2020,40096
female,hispanic,90+,2000,28443.389768514004
female,hispanic,90+,2001,13706.979021658002
female,hispanic,90+,2002,14873.111876914998
female,hispanic,90+,2003,15943.488860286001
female,hispanic,90+,2004,17002.354880041
female,hispanic,90+,2005,18016.599248832998
female,hispanic,90+,2006,19025.700320902
female,hispanic,90+,2007,19758.666411859
female,hispanic,90+,2008,20706.718843032002
female,hispanic,90+,2009,23782.056619108003
female,hispanic,90+,2010,36771.121413261004
female,hispanic,90+,2011,13874
female,hispanic,90+,2012,15189
female,hispanic,90+,2013,16478
female,hispanic,90+,2014,17759
female,hispanic,90+,2015,19126
female,hispanic,90+,2016,20317
female,hispanic,90+,2017,21577
female,hispanic,90+,2018,22823
female,hispanic,90+,2019,24104
female,hispanic,90+,2020,24003
female,white,0-4,2000,1887515.829539327
female,white,0-4,2001,916367.514074764
female,white,0-4,2002,899574.33724143
female,white,0-4,2003,889694.4944181801
female,white,0-4,2004,879585.3385508971
female,white,0-4,2005,864108.812573396
female,white,0-4,2006,848244.310072722
female,white,0-4,2007,832965.767736881
female,white,0-4,2008,819609.9254878368
female,white,0-4,2009,790133.7779395621
female,white,0-4,2010,1147777.499430398
female,white,0-4,2011,384209
female,white,0-4,2012,386867
female,white,0-4,2013,388784
female,white,0-4,2014,392122
female,white,0-4,2015,396855
female,white,0-4,2016,400549
female,white,0-4,2017,400003
female,white,0-4,2018,390893
female,white,0-4,2019,368893
female,white,0-4,2020,333144
female,white,5-9,2000,1850760.286071362
female,white,5-9,2001,887115.316614313
female,white,5-9,2002,860658.148643916
female,white,5-9,2003,835271.247672227
female,white,5-9,2004,812274.7083496079
female,white,5-9,2005,788325.640125816
female,white,5-9,2006,766963.9111739049
female,white,5-9,2007,749195.4573493421
female,white,5-9,2008,732300.667383168
female,white,5-9,2009,700308.7956089329
female,white,5-9,2010,1006770.978349939
female,white,5-9,2011,324194
female,white,5-9,2012,314357
female,white,5-9,2013,302698
female,white,5-9,2014,291326
female,white,5-9,2015,281773
female,white,5-9,2016,275570
female,white,5-9,2017,276217
female,white,5-9,2018,282119
female,white,5-9,2019,286611
female,white,5-9,2020,287192
female,white,10-14,2000,1872174.5872401283
female,white,10-14,2001,938560.257352376
female,white,10-14,2002,937791.128502252
female,white,10-14,2003,926837.5138526601
female,white,10-14,2004,907380.665549505
female,white,10-14,2005,882304.916262781
female,white,10-14,2006,858430.1295555431
female,white,10-14,2007,836617.361979299
female,white,10-14,2008,815149.7360794719
female,white,10-14,2009,767072.4479532491
female,white,10-14,2010,1104760.6316794623
female,white,10-14,2011,355805
female,white,10-14,2012,344940
female,white,10-14,2013,332420
female,white,10-14,2014,319416
female,white,10-14,2015,306814
female,white,10-14,2016,295606
female,white,10-14,2017,288160
female,white,10-14,2018,286682
female,white,10-14,2019,292708
female,white,10-14,2020,309414
female,white,15-19,2000,1756831.1376170279
female,white,15-19,2001,884195.424461885
female,white,15-19,2002,896324.2409800921
female,white,15-19,2003,913393.5468140071
female,white,15-19,2004,922702.3142346151
female,white,15-19,2005,921796.7512164733
female,white,15-19,2006,915851.68039437
female,white,15-19,2007,903225.1244164621
female,white,15-19,2008,886631.7035727641
female,white,15-19,2009,853183.032676656
female,white,15-19,2010,1267634.237259258
female,white,15-19,2011,407974
female,white,15-19,2012,395802
female,white,15-19,2013,382997
female,white,15-19,2014,370763
female,white,15-19,2015,359432
female,white,15-19,2016,348761
female,white,15-19,2017,339444
female,white,15-19,2018,331634
female,white,15-19,2019,326380
female,white,15-19,2020,323949
female,white,20-24,2000,1652189.202073095
female,white,20-24,2001,829014.1505788441
female,white,20-24,2002,849055.405287917
female,white,20-24,2003,870354.8341799439
female,white,20-24,2004,893070.578939345
female,white,20-24,2005,910830.9230494219
female,white,20-24,2006,928201.2382220001
female,white,20-24,2007,939691.2802439609
female,white,20-24,2008,943870.0259071339
female,white,20-24,2009,918386.110713127
female,white,20-24,2010,1350673.93212225
female,white,20-24,2011,443506
female,white,20-24,2012,437072
female,white,20-24,2013,429297
female,white,20-24,2014,420686
female,white,20-24,2015,410654
female,white,20-24,2016,399352
female,white,20-24,2017,387858
female,white,20-24,2018,376316
female,white,20-24,2019,364159
female,white,20-24,2020,352070
female,white,25-29,2000,1980279.9475362657
female,white,25-29,2001,934279.3619975459
female,white,25-29,2002,892116.988507505
female,white,25-29,2003,868229.3604595929
female,white,25-29,2004,857369.2786792871
female,white,25-29,2005,854702.8014137899
female,white,25-29,2006,859732.988167449
female,white,25-29,2007,874796.8683578882
female,white,25-29,2008,894695.659669913
female,white,25-29,2009,922253.5470419038
female,white,25-29,2010,1386835.266141003
female,white,25-29,2011,464600
female,white,25-29,2012,463969
female,white,25-29,2013,461062
female,white,25-29,2014,456667
female,white,25-29,2015,450643
female,white,25-29,2016,443929
female,white,25-29,2017,438528
female,white,25-29,2018,435698
female,white,25-29,2019,438345
female,white,25-29,2020,442019
female,white,30-34,2000,2251196.625289317
female,white,30-34,2001,1104961.5888106502
female,white,30-34,2002,1088389.407033213
female,white,30-34,2003,1060312.249380317
female,white,30-34,2004,1021195.073300742
female,white,30-34,2005,973192.536812203
female,white,30-34,2006,921737.0625431091
female,white,30-34,2007,878674.5332589089
female,white,30-34,2008,847785.5975774599
female,white,30-34,2009,834010.964007752
female,white,30-34,2010,1244661.703679435
female,white,30-34,2011,431915
female,white,30-34,2012,446431
female,white,30-34,2013,461064
female,white,30-34,2014,474566
female,white,30-34,2015,484040
female,white,30-34,2016,488124
female,white,30-34,2017,486742
female,white,30-34,2018,480830
female,white,30-34,2019,474049
female,white,30-34,2020,460564
female,white,35-39,2000,2695240.1421347256
female,white,35-39,2001,1302449.255968952
female,white,35-39,2002,1252942.4569057599
female,white,35-39,2003,1199546.521351759
female,white,35-39,2004,1148387.0863471131
female,white,35-39,2005,1099713.4685506632
female,white,35-39,2006,1065444.114277185
female,white,35-39,2007,1045606.806194969
female,white,35-39,2008,1027938.9010657371
female,white,35-39,2009,959482.7798836769
female,white,35-39,2010,1368831.859608787
female,white,35-39,2011,435305
female,white,35-39,2012,424486
female,white,35-39,2013,418788
female,white,35-39,2014,420059
female,white,35-39,2015,427315
female,white,35-39,2016,437943
female,white,35-39,2017,449721
female,white,35-39,2018,457892
female,white,35-39,2019,456412
female,white,35-39,2020,436208
female,white,40-44,2000,2725359.0778830717
female,white,40-44,2001,1361665.9153916868
female,white,40-44,2002,1364157.110396684
female,white,40-44,2003,1356323.204873919
female,white,40-44,2004,1339556.009824941
female,white,40-44,2005,1314620.774059272
female,white,40-44,2006,1279298.1709366278
female,white,40-44,2007,1231742.433179033
female,white,40-44,2008,1175810.342802203
female,white,40-44,2009,1068785.176650197
female,white,40-44,2010,1533206.430486904
female,white,40-44,2011,500561
female,white,40-44,2012,490252
female,white,40-44,2013,477203
female,white,40-44,2014,461723
female,white,40-44,2015,443477
female,white,40-44,2016,425180
female,white,40-44,2017,410821
female,white,40-44,2018,402224
female,white,40-44,2019,398104
female,white,40-44,2020,388068
female,white,45-49,2000,2563659.724790527
female,white,45-49,2001,1291391.2342008532
female,white,45-49,2002,1308828.713248661
female,white,45-49,2003,1324270.7892798048
female,white,45-49,2004,1334220.268432249
female,white,45-49,2005,1333333.0092920628
female,white,45-49,2006,1329445.3907778063
female,white,45-49,2007,1326032.216346502
female,white,45-49,2008,1316995.7938830792
female,white,45-49,2009,1269157.6109609269
female,white,45-49,2010,1856444.779595155
female,white,45-49,2011,591330
female,white,45-49,2012,568207
female,white,45-49,2013,543473
female,white,45-49,2014,519995
female,white,45-49,2015,500140
female,white,45-49,2016,484859
female,white,45-49,2017,473611
female,white,45-49,2018,461640
female,white,45-49,2019,444903
female,white,45-49,2020,421785
female,white,50-54,2000,2315978.667281322
female,white,50-54,2001,1200576.291129189
female,white,50-54,2002,1231104.68075206
female,white,50-54,2003,1233957.378178152
female,white,50-54,2004,1234823.418647034
female,white,50-54,2005,1240287.2298082202
female,white,50-54,2006,1250518.395513121
female,white,50-54,2007,1264031.9981424971
female,white,50-54,2008,1277367.539242148
female,white,50-54,2009,1282461.668376777
female,white,50-54,2010,1897799.112038113
female,white,50-54,2011,630227
female,white,50-54,2012,624568
female,white,50-54,2013,614904
female,white,50-54,2014,602336
female,white,50-54,2015,586798
female,white,50-54,2016,567642
female,white,50-54,2017,545429
female,white,50-54,2018,521464
female,white,50-54,2019,496232
female,white,50-54,2020,469711
female,white,55-59,2000,1768604.076208225
female,white,55-59,2001,913867.0398579768
female,white,55-59,2002,951577.9488158958
female,white,55-59,2003,1009261.1854448719
female,white,55-59,2004,1058019.331540707
female,white,55-59,2005,1094629.997178276
female,white,55-59,2006,1129948.297184832
female,white,55-59,2007,1162055.4290303418
female,white,55-59,2008,1180954.971354044
female,white,55-59,2009,1173758.772532679
female,white,55-59,2010,1759768.1992403562
female,white,55-59,2011,595167
female,white,55-59,2012,599775
female,white,55-59,2013,601170
female,white,55-59,2014,600602
female,white,55-59,2015,597892
female,white,55-59,2016,593778
female,white,55-59,2017,589279
female,white,55-59,2018,581660
female,white,55-59,2019,567053
female,white,55-59,2020,548586
female,white,60-64,2000,1415836.9834595209
female,white,60-64,2001,714842.219770255
female,white,60-64,2002,731286.60333592
female,white,60-64,2003,756612.863890026
female,white,60-64,2004,790084.7062438459
female,white,60-64,2005,821493.599347967
female,white,60-64,2006,849664.502019302
female,white,60-64,2007,880129.9786072979
female,white,60-64,2008,919038.21424535
female,white,60-64,2009,1011505.195107903
female,white,60-64,2010,1546266.258881716
female,white,60-64,2011,531967
female,white,60-64,2012,539781
female,white,60-64,2013,540552
female,white,60-64,2014,538753
female,white,60-64,2015,538465
female,white,60-64,2016,541057
female,white,60-64,2017,546138
female,white,60-64,2018,550458
female,white,60-64,2019,548488
female,white,60-64,2020,542045
female,white,65-69,2000,1307083.055172237
female,white,65-69,2001,641856.9507652461
female,white,65-69,2002,638159.624905733
female,white,65-69,2003,640204.645315886
female,white,65-69,2004,646903.6966193549
female,white,65-69,2005,655355.932937507
female,white,65-69,2006,664337.8946701221
female,white,65-69,2007,674975.7540160741
female,white,65-69,2008,691011.099600835
female,white,65-69,2009,745464.201262437
female,white,65-69,2010,1142811.80498262
female,white,65-69,2011,397562
female,white,65-69,2012,411606
female,white,65-69,2013,425627
female,white,65-69,2014,440082
female,white,65-69,2015,452666
female,white,65-69,2016,463137
female,white,65-69,2017,473707
female,white,65-69,2018,481864
female,white,65-69,2019,485444
female,white,65-69,2020,487792
female,white,70-74,2000,1356081.073409786
female,white,70-74,2001,654992.249321995
female,white,70-74,2002,638764.124178952
female,white,70-74,2003,623490.747615902
female,white,70-74,2004,610277.903237133
female,white,70-74,2005,598234.423342082
female,white,70-74,2006,588617.599092132
female,white,70-74,2007,582590.605378205
female,white,70-74,2008,579862.848615414
female,white,70-74,2009,585635.100505525
female,white,70-74,2010,881713.439782283
female,white,70-74,2011,297131
female,white,70-74,2012,301002
female,white,70-74,2013,304712
female,white,70-74,2014,310802
female,white,70-74,2015,319476
female,white,70-74,2016,330199
female,white,70-74,2017,345627
female,white,70-74,2018,367412
female,white,70-74,2019,392086
female,white,70-74,2020,413713
female,white,75-79,2000,1263782.5555131012
female,white,75-79,2001,634451.552128209
female,white,75-79,2002,628898.088021439
female,white,75-79,2003,617454.234276486
female,white,75-79,2004,604661.686542315
female,white,75-79,2005,587909.640120317
female,white,75-79,2006,570424.917867595
female,white,75-79,2007,556291.2630925151
female,white,75-79,2008,544065.354734476
female,white,75-79,2009,518719.2993097161
female,white,75-79,2010,756570.106570809
female,white,75-79,2011,246115
female,white,75-79,2012,241680
female,white,75-79,2013,236937
female,white,75-79,2014,233735
female,white,75-79,2015,232783
female,white,75-79,2016,233977
female,white,75-79,2017,239114
female,white,75-79,2018,249597
female,white,75-79,2019,266224
female,white,75-79,2020,285643
female,white,80-84,2000,865167.527846535
female,white,80-84,2001,441443.743855106
female,white,80-84,2002,453966.9317124011
female,white,80-84,2003,467551.290890481
female,white,80-84,2004,477100.87251072197
female,white,80-84,2005,483356.90309676103
female,white,80-84,2006,488004.815827352
female,white,80-84,2007,487472.23107610305
female,white,80-84,2008,482693.500336303
female,white,80-84,2009,465097.800849437
female,white,80-84,2010,675218.7587987131
female,white,80-84,2011,216261
female,white,80-84,2012,209043
female,white,80-84,2013,200698
female,white,80-84,2014,192454
female,white,80-84,2015,185157
female,white,80-84,2016,179537
female,white,80-84,2017,176800
female,white,80-84,2018,177606
female,white,80-84,2019,182199
female,white,80-84,2020,192797
female,white,85-89,2000,510361.24363754096
female,white,85-89,2001,261049.83274964898
female,white,85-89,2002,265107.472470459
female,white,85-89,2003,267584.644673881
female,white,85-89,2004,269154.125220498
female,white,85-89,2005,271476.050892535
female,white,85-89,2006,274711.43402131
female,white,85-89,2007,281547.002046109
female,white,85-89,2008,291825.998693948
female,white,85-89,2009,308959.22579177906
female,white,85-89,2010,470914.342693132
female,white,85-89,2011,155989
female,white,85-89,2012,152992
female,white,85-89,2013,148642
female,white,85-89,2014,143502
female,white,85-89,2015,137971
female,white,85-89,2016,132644
female,white,85-89,2017,128621
female,white,85-89,2018,125707
female,white,85-89,2019,123446
female,white,85-89,2020,132798
female,white,90+,2000,257438.07198584298
female,white,90+,2001,126533.01771049101
female,white,90+,2002,133464.17761076102
female,white,90+,2003,140011.48994242
female,white,90+,2004,145146.70143323598
female,white,90+,2005,149321.63780983802
female,white,90+,2006,153297.523679616
female,white,90+,2007,154895.974748676
female,white,90+,2008,155587.63491075303
female,white,90+,2009,158073.80521006
female,white,90+,2010,240067.95509100202
female,white,90+,2011,82623
female,white,90+,2012,83407
female,white,90+,2013,84103
female,white,90+,2014,84914
female,white,90+,2015,85809
female,white,90+,2016,86415
female,white,90+,2017,87257
female,white,90+,2018,88135
female,white,90+,2019,88913
female,white,90+,2020,97770
male,black,0-4,2000,407177.17890014197
male,black,0-4,2001,194741.509536582
male,black,0-4,2002,187274.9148035
male,black,0-4,2003,181610.75869605903
male,black,0-4,2004,176709.817925588
male,black,0-4,2005,171731.016813625
male,black,0-4,2006,168332.804286632
male,black,0-4,2007,166175.736589477
male,black,0-4,2008,165491.55954218202
male,black,0-4,2009,162038.61249114198
male,black,0-4,2010,240627.767776497
male,black,0-4,2011,80424
male,black,0-4,2012,80754
male,black,0-4,2013,80563
male,black,0-4,2014,80313
male,black,0-4,2015,80356
male,black,0-4,2016,80084
male,black,0-4,2017,79145
male,black,0-4,2018,76877
male,black,0-4,2019,72692
male,black,0-4,2020,66272
male,black,5-9,2000,413042.869109667
male,black,5-9,2001,200853.69344496197
male,black,5-9,2002,194716.63071556
male,black,5-9,2003,188278.608975157
male,black,5-9,2004,180920.052971769
male,black,5-9,2005,172807.269677342
male,black,5-9,2006,165281.119056255
male,black,5-9,2007,158711.574474494
male,black,5-9,2008,153825.058918236
male,black,5-9,2009,145094.92096346398
male,black,5-9,2010,212426.902536552
male,black,5-9,2011,68122
male,black,5-9,2012,66229
male,black,5-9,2013,64271
male,black,5-9,2014,62563
male,black,5-9,2015,61215
male,black,5-9,2016,60272
male,black,5-9,2017,60196
male,black,5-9,2018,60754
male,black,5-9,2019,61077
male,black,5-9,2020,60336
male,black,10-14,2000,387725.140422543
male,black,10-14,2001,198123.714651966
male,black,10-14,2002,200714.789307545
male,black,10-14,2003,201769.130651334
male,black,10-14,2004,200821.837694822
male,black,10-14,2005,198053.060862376
male,black,10-14,2006,194730.316729962
male,black,10-14,2007,190080.73363055201
male,black,10-14,2008,184688.549705369
male,black,10-14,2009,169671.32015985702
male,black,10-14,2010,245496.21094694803
male,black,10-14,2011,78172
male,black,10-14,2012,75394
male,black,10-14,2013,72510
male,black,10-14,2014,69762
male,black,10-14,2015,66920
male,black,10-14,2016,64302
male,black,10-14,2017,62507
male,black,10-14,2018,61877
male,black,10-14,2019,62453
male,black,10-14,2020,63894
male,black,15-19,2000,345599.196294575
male,black,15-19,2001,173704.17119989998
male,black,15-19,2002,175780.04509423603
male,black,15-19,2003,178483.11990914796
male,black,15-19,2004,181001.420989153
male,black,15-19,2005,183786.43027954697
male,black,15-19,2006,187168.55536464497
male,black,15-19,2007,190277.95676136
male,black,15-19,2008,192936.380107928
male,black,15-19,2009,195797.948973702
male,black,15-19,2010,290751.450186954
male,black,15-19,2011,93741
male,black,15-19,2012,90630
male,black,15-19,2013,87011
male,black,15-19,2014,83358
male,black,15-19,2015,79832
male,black,15-19,2016,76705
male,black,15-19,2017,73748
male,black,15-19,2018,71187
male,black,15-19,2019,68911
male,black,15-19,2020,66238
male,black,20-24,2000,300664.79227305495
male,black,20-24,2001,154279.87999427598
male,black,20-24,2002,159420.83364544998
male,black,20-24,2003,163473.35685965902
male,black,20-24,2004,166479.78374291302
male,black,20-24,2005,167465.51680752
male,black,20-24,2006,168176.59008807302
male,black,20-24,2007,168446.956717777
male,black,20-24,2008,169403.328009871
male,black,20-24,2009,172529.894835728
male,black,20-24,2010,259030.95421255397
male,black,20-24,2011,89763
male,black,20-24,2012,92010
male,black,20-24,2013,93223
male,black,20-24,2014,93568
male,black,20-24,2015,92888
male,black,20-24,2016,90849
male,black,20-24,2017,87843
male,black,20-24,2018,84377
male,black,20-24,2019,80630
male,black,20-24,2020,78255
male,black,25-29,2000,321153.8674188
male,black,25-29,2001,152064.635525315
male,black,25-29,2002,147624.18641994402
male,black,25-29,2003,145983.83489996
male,black,25-29,2004,146007.426725251
male,black,25-29,2005,147218.051379223
male,black,25-29,2006,149631.102150359
male,black,25-29,2007,152804.32556589102
male,black,25-29,2008,155317.72052978698
male,black,25-29,2009,157739.13266440702
male,black,25-29,2010,234892.10025635402
male,black,25-29,2011,79272
male,black,25-29,2012,80826
male,black,25-29,2013,82536
male,black,25-29,2014,84762
male,black,25-29,2015,87098
male,black,25-29,2016,89750
male,black,25-29,2017,91990
male,black,25-29,2018,94172
male,black,25-29,2019,96813
male,black,25-29,2020,98158
male,black,30-34,2000,356635.901316092
male,black,30-34,2001,174807.26835937
male,black,30-34,2002,172108.026032359
male,black,30-34,2003,168809.643958523
male,black,30-34,2004,164686.40185025102
male,black,30-34,2005,158824.60389992
male,black,30-34,2006,152336.310419661
male,black,30-34,2007,146611.76635668398
male,black,30-34,2008,142590.908304879
male,black,30-34,2009,141194.199991839
male,black,30-34,2010,211345.61971255898
male,black,30-34,2011,73560
male,black,30-34,2012,75941
male,black,30-34,2013,78289
male,black,30-34,2014,80455
male,black,30-34,2015,82029
male,black,30-34,2016,83234
male,black,30-34,2017,84458
male,black,30-34,2018,85895
male,black,30-34,2019,88331
male,black,30-34,2020,87426
male,black,35-39,2000,391920.3356195481
male,black,35-39,2001,193748.706206725
male,black,35-39,2002,190322.38129774097
male,black,35-39,2003,185705.96828462998
male,black,35-39,2004,180155.42830513202
male,black,35-39,2005,174416.68967718302
male,black,35-39,2006,169926.422951607
male,black,35-39,2007,167235.318819215
male,black,35-39,2008,164369.674908874
male,black,35-39,2009,155395.35120613698
male,black,35-39,2010,223917.297427601
male,black,35-39,2011,72181
male,black,35-39,2012,71201
male,black,35-39,2013,71143
male,black,35-39,2014,72209
male,black,35-39,2015,73937
male,black,35-39,2016,75819
male,black,35-39,2017,77670
male,black,35-39,2018,78848
male,black,35-39,2019,78925
male,black,35-39,2020,76708
male,black,40-44,2000,350440.390628162
male,black,40-44,2001,181472.273312496
male,black,40-44,2002,186243.491150435
male,black,40-44,2003,189402.547818933
male,black,40-44,2004,190345.80607129302
male,black,40-44,2005,189516.126206944
male,black,40-44,2006,187435.31337311896
male,black,40-44,2007,183791.751546419
male,black,40-44,2008,178678.438572405
male,black,40-44,2009,167355.141452683
male,black,40-44,2010,242177.17082353702
male,black,40-44,2011,79908
male,black,40-44,2012,78938
male,black,40-44,2013,77715
male,black,40-44,2014,76242
male,black,40-44,2015,74422
male,black,40-44,2016,72489
male,black,40-44,2017,70912
male,black,40-44,2018,69925
male,black,40-44,2019,69433
male,black,40-44,2020,67340
male,black,45-49,2000,278691.663492752
male,black,45-49,2001,144493.87396673698
male,black,45-49,2002,150651.917226406
male,black,45-49,2003,157634.646287784
male,black,45-49,2004,164234.374052858
male,black,45-49,2005,169248.934196655
male,black,45-49,2006,173929.46351112798
male,black,45-49,2007,178009.62045335397
male,black,45-49,2008,180435.76522075097
male,black,45-49,2009,179589.99659522396
male,black,45-49,2010,266620.991258633
male,black,45-49,2011,87315
male,black,45-49,2012,85665
male,black,45-49,2013,83894
male,black,45-49,2014,81947
male,black,45-49,2015,80139
male,black,45-49,2016,78777
male,black,45-49,2017,77434
male,black,45-49,2018,75802
male,black,45-49,2019,73592
male,black,45-49,2020,70138
male,black,50-54,2000,210886.60387323
male,black,50-54,2001,114465.51852788201
male,black,50-54,2002,121178.915620238
male,black,50-54,2003,125949.53924339899
male,black,50-54,2004,129311.727164906
male,black,50-54,2005,133090.860968432
male,black,50-54,2006,137379.906020052
male,black,50-54,2007,142381.50448965398
male,black,50-54,2008,147976.92400813597
male,black,50-54,2009,158376.93456805
male,black,50-54,2010,241169.36338017398
male,black,50-54,2011,83169
male,black,50-54,2012,84628
male,black,50-54,2013,85459
male,black,50-54,2014,85807
male,black,50-54,2015,85390
male,black,50-54,2016,84406
male,black,50-54,2017,82890
male,black,50-54,2018,80945
male,black,50-54,2019,78534
male,black,50-54,2020,73328
male,black,55-59,2000,159511.21638521898
male,black,55-59,2001,82105.55468535199
male,black,55-59,2002,84140.767346547
male,black,55-59,2003,87963.954593817
male,black,55-59,2004,92874.26228173001
male,black,55-59,2005,97738.399425568
male,black,55-59,2006,103689.077846126
male,black,55-59,2007,110048.259053371
male,black,55-59,2008,115215.181072951
male,black,55-59,2009,121262.452331757
male,black,55-59,2010,186106.915413493
male,black,55-59,2011,65445
male,black,55-59,2012,67965
male,black,55-59,2013,70471
male,black,55-59,2014,73109
male,black,55-59,2015,75570
male,black,55-59,2016,77324
male,black,55-59,2017,79100
male,black,55-59,2018,80070
male,black,55-59,2019,79944
male,black,55-59,2020,75737
male,black,60-64,2000,134125.99247849
male,black,60-64,2001,68152.243459018
male,black,60-64,2002,68762.318737387
male,black,60-64,2003,69516.28739964799
male,black,60-64,2004,70482.289697239
male,black,60-64,2005,71860.48451306601
male,black,60-64,2006,73077.438055934
male,black,60-64,2007,74635.430424852
male,black,60-64,2008,77060.336719943
male,black,60-64,2009,85123.371650048
male,black,60-64,2010,132768.31634889
male,black,60-64,2011,48057
male,black,60-64,2012,50151
male,black,60-64,2013,51741
male,black,60-64,2014,53332
male,black,60-64,2015,55114
male,black,60-64,2016,57185
male,black,60-64,2017,59700
male,black,60-64,2018,62112
male,black,60-64,2019,64187
male,black,60-64,2020,63100
male,black,65-69,2000,98965.128390366
male,black,65-69,2001,51841.649162815
male,black,65-69,2002,53601.341265618
male,black,65-69,2003,55409.831283112
male,black,65-69,2004,56905.766167765
male,black,65-69,2005,57919.118079174
male,black,65-69,2006,58647.899613233996
male,black,65-69,2007,59119.124060928996
male,black,65-69,2008,59608.065709554
male,black,65-69,2009,61113.380956705005
male,black,65-69,2010,92903.590440909
male,black,65-69,2011,31968
male,black,65-69,2012,32798
male,black,65-69,2013,33963
male,black,65-69,2014,35464
male,black,65-69,2015,37190
male,black,65-69,2016,39115
male,black,65-69,2017,41220
male,black,65-69,2018,42944
male,black,65-69,2019,44242
male,black,65-69,2020,44241
male,black,70-74,2000,72395.566775924
male,black,70-74,2001,36636.237052166
male,black,70-74,2002,37207.999721133005
male,black,70-74,2003,37786.078615996
male,black,70-74,2004,38796.869126324
male,black,70-74,2005,39978.04518868
male,black,70-74,2006,41440.496469203
male,black,70-74,2007,42913.821264222
male,black,70-74,2008,44303.984480636
male,black,70-74,2009,46923.43718208901
male,black,70-74,2010,71394.039250884
male,black,70-74,2011,24200
male,black,70-74,2012,24106
male,black,70-74,2013,24008
male,black,70-74,2014,24001
male,black,70-74,2015,24155
male,black,70-74,2016,24555
male,black,70-74,2017,25328
male,black,70-74,2018,26718
male,black,70-74,2019,28548
male,black,70-74,2020,29755
male,black,75-79,2000,52025.031696858
male,black,75-79,2001,26544.940356676998
male,black,75-79,2002,26644.142802906004
male,black,75-79,2003,26760.174346058004
male,black,75-79,2004,26840.382199221007
male,black,75-79,2005,26714.255518049
male,black,75-79,2006,26709.153731674
male,black,75-79,2007,27142.936286172997
male,black,75-79,2008,27680.084768964996
male,black,75-79,2009,29458.329547606
male,black,75-79,2010,45287.213756404
male,black,75-79,2011,15983
male,black,75-79,2012,16471
male,black,75-79,2013,16821
male,black,75-79,2014,17162
male,black,75-79,2015,17389
male,black,75-79,2016,17492
male,black,75-79,2017,17607
male,black,75-79,2018,17865
male,black,75-79,2019,18358
male,black,75-79,2020,18811
male,black,80-84,2000,26642.858598126997
male,black,80-84,2001,14318.617788276
male,black,80-84,2002,15103.257687672998
male,black,80-84,2003,15753.187683242002
male,black,80-84,2004,16224.023976812001
male,black,80-84,2005,16621.521199558003
male,black,80-84,2006,16915.484263435003
male,black,80-84,2007,17052.138498262
male,black,80-84,2008,17300.353067284
male,black,80-84,2009,17366.785245987998
male,black,80-84,2010,26077.816262122
male,black,80-84,2011,9027
male,black,80-84,2012,9244
male,black,80-84,2013,9414
male,black,80-84,2014,9637
male,black,80-84,2015,9980
male,black,80-84,2016,10303
male,black,80-84,2017,10731
male,black,80-84,2018,11144
male,black,80-84,2019,11669
male,black,80-84,2020,12177
male,black,85-89,2000,11988.848047525
male,black,85-89,2001,6196.631535581
male,black,85-89,2002,6278.832267417
male,black,85-89,2003,6557.188185093
male,black,85-89,2004,6808.215435183998
male,black,85-89,2005,7060.311958933
male,black,85-89,2006,7483.856562942001
male,black,85-89,2007,7904.271032211001
male,black,85-89,2008,8251.965220123
male,black,85-89,2009,8777.152839075
male,black,85-89,2010,13675.151716697
male,black,85-89,2011,4728
male,black,85-89,2012,4781
male,black,85-89,2013,4814
male,black,85-89,2014,4837
male,black,85-89,2015,4846
male,black,85-89,2016,4885
male,black,85-89,2017,4951
male,black,85-89,2018,5102
male,black,85-89,2019,5354
male,black,85-89,2020,5775
male,black,90+,2000,5145.331448069999
male,black,90+,2001,2398.4364198860003
male,black,90+,2002,2575.8333344499997
male,black,90+,2003,2701.983525873
male,black,90+,2004,2814.59432018
male,black,90+,2005,2957.138627763
male,black,90+,2006,3105.6226877780005
male,black,90+,2007,3134.989399607
male,black,90+,2008,3229.52837852
male,black,90+,2009,3505.4652750589994
male,black,90+,2010,5373.078894107
male,black,90+,2011,1941
male,black,90+,2012,1995
male,black,90+,2013,2101
male,black,90+,2014,2188
male,black,90+,2015,2321
male,black,90+,2016,2372
male,black,90+,2017,2454
male,black,90+,2018,2541
male,black,90+,2019,2601
male,black,90+,2020,2643
male,hispanic,0-4,2000,2926945.294262386
male,hispanic,0-4,2001,1489668.197009882
male,hispanic,0-4,2002,1516624.605614547
male,hispanic,0-4,2003,1549249.549924795
male,hispanic,0-4,2004,1580188.7595298598
male,hispanic,0-4,2005,1605791.4559774809
male,hispanic,0-4,2006,1625333.2578183631
male,hispanic,0-4,2007,1634871.590591146
male,hispanic,0-4,2008,1644344.3770550871
male,hispanic,0-4,2009,1644394.926844018
male,hispanic,0-4,2010,2470720.8257068396
male,hispanic,0-4,2011,820318
male,hispanic,0-4,2012,813275
male,hispanic,0-4,2013,802243
male,hispanic,0-4,2014,788140
male,hispanic,0-4,2015,771672
male,hispanic,0-4,2016,754432
male,hispanic,0-4,2017,737636
male,hispanic,0-4,2018,722515
male,hispanic,0-4,2019,715272
male,hispanic,0-4,2020,804919
male,hispanic,5-9,2000,2501705.117490146
male,hispanic,5-9,2001,1289225.2687797958
male,hispanic,5-9,2002,1305668.339982985
male,hispanic,5-9,2003,1314750.14545615
male,hispanic,5-9,2004,1312461.2066605291
male,hispanic,5-9,2005,1304575.721271418
male,hispanic,5-9,2006,1301645.825846347
male,hispanic,5-9,2007,1310100.443839334
male,hispanic,5-9,2008,1315293.2175117983
male,hispanic,5-9,2009,1304996.0578587772
male,hispanic,5-9,2010,1973005.369933994
male,hispanic,5-9,2011,668223
male,hispanic,5-9,2012,679295
male,hispanic,5-9,2013,692407
male,hispanic,5-9,2014,706386
male,hispanic,5-9,2015,715996
male,hispanic,5-9,2016,718318
male,hispanic,5-9,2017,712687
male,hispanic,5-9,2018,699006
male,hispanic,5-9,2019,679363
male,hispanic,5-9,2020,716235
male,hispanic,10-14,2000,2080931.348493217
male,hispanic,10-14,2001,1122715.031181616
male,hispanic,10-14,2002,1183766.355225714
male,hispanic,10-14,2003,1241587.093918114
male,hispanic,10-14,2004,1288004.156796301
male,hispanic,10-14,2005,1320155.53453306
male,hispanic,10-14,2006,1342511.213303731
male,hispanic,10-14,2007,1351817.295852365
male,hispanic,10-14,2008,1350697.6776643952
male,hispanic,10-14,2009,1312588.564967337
male,hispanic,10-14,2010,2001241.553554274
male,hispanic,10-14,2011,668344
male,hispanic,10-14,2012,670955
male,hispanic,10-14,2013,674085
male,hispanic,10-14,2014,679001
male,hispanic,10-14,2015,684530
male,hispanic,10-14,2016,690499
male,hispanic,10-14,2017,697102
male,hispanic,10-14,2018,703633
male,hispanic,10-14,2019,708131
male,hispanic,10-14,2020,746618
male,hispanic,15-19,2000,2154392.4648343697
male,hispanic,15-19,2001,1085499.9979444472
male,hispanic,15-19,2002,1091311.8584279371
male,hispanic,15-19,2003,1114230.929680982
male,hispanic,15-19,2004,1145463.447341895
male,hispanic,15-19,2005,1181479.589764874
male,hispanic,15-19,2006,1223540.403718266
male,hispanic,15-19,2007,1263736.541395365
male,hispanic,15-19,2008,1300576.403281661
male,hispanic,15-19,2009,1349858.475894034
male,hispanic,15-19,2010,2081533.6350368182
male,hispanic,15-19,2011,694841
male,hispanic,15-19,2012,693867
male,hispanic,15-19,2013,690184
male,hispanic,15-19,2014,686045
male,hispanic,15-19,2015,682388
male,hispanic,15-19,2016,679593
male,hispanic,15-19,2017,677258
male,hispanic,15-19,2018,672420
male,hispanic,15-19,2019,662166
male,hispanic,15-19,2020,668204
male,hispanic,20-24,2000,2251945.9218388316
male,hispanic,20-24,2001,1152273.68974673
male,hispanic,20-24,2002,1156493.4356580728
male,hispanic,20-24,2003,1164799.8278696649
male,hispanic,20-24,2004,1172228.772860428
male,hispanic,20-24,2005,1177731.575541198
male,hispanic,20-24,2006,1187236.058555686
male,hispanic,20-24,2007,1199456.267056601
male,hispanic,20-24,2008,1221902.572534451
male,hispanic,20-24,2009,1244376.3016844902
male,hispanic,20-24,2010,1895778.053256545
male,hispanic,20-24,2011,642190
male,hispanic,20-24,2012,650963
male,hispanic,20-24,2013,659189
male,hispanic,20-24,2014,667423
male,hispanic,20-24,2015,673701
male,hispanic,20-24,2016,675697
male,hispanic,20-24,2017,673104
male,hispanic,20-24,2018,663849
male,hispanic,20-24,2019,644244
male,hispanic,20-24,2020,633996
male,hispanic,25-29,2000,2254538.975521166
male,hispanic,25-29,2001,1138784.864018879
male,hispanic,25-29,2002,1135554.0409333832
male,hispanic,25-29,2003,1138630.287897941
male,hispanic,25-29,2004,1139611.073349921
male,hispanic,25-29,2005,1139446.7116764039
male,hispanic,25-29,2006,1141952.321696412
male,hispanic,25-29,2007,1155179.601698747
male,hispanic,25-29,2008,1172799.8912549291
male,hispanic,25-29,2009,1203258.750237423
male,hispanic,25-29,2010,1830164.829228997
male,hispanic,25-29,2011,608501
male,hispanic,25-29,2012,607330
male,hispanic,25-29,2013,604294
male,hispanic,25-29,2014,602507
male,hispanic,25-29,2015,602931
male,hispanic,25-29,2016,606391
male,hispanic,25-29,2017,614771
male,hispanic,25-29,2018,626232
male,hispanic,25-29,2019,635357
male,hispanic,25-29,2020,646954
male,hispanic,30-34,2000,2067227.6336593758
male,hispanic,30-34,2001,1066201.6645029392
male,hispanic,30-34,2002,1084795.4423475922
male,hispanic,30-34,2003,1099860.768129584
male,hispanic,30-34,2004,1108806.387076792
male,hispanic,30-34,2005,1107138.126798283
male,hispanic,30-34,2006,1102806.296823483
male,hispanic,30-34,2007,1100758.6027911683
male,hispanic,30-34,2008,1104537.107961846
male,hispanic,30-34,2009,1111992.361947928
male,hispanic,30-34,2010,1669704.25048645
male,hispanic,30-34,2011,566228
male,hispanic,30-34,2012,572695
male,hispanic,30-34,2013,576286
male,hispanic,30-34,2014,578859
male,hispanic,30-34,2015,579827
male,hispanic,30-34,2016,578585
male,hispanic,30-34,2017,577846
male,hispanic,30-34,2018,579412
male,hispanic,30-34,2019,583690
male,hispanic,30-34,2020,583977
male,hispanic,35-39,2000,1753343.7234909432
male,hispanic,35-39,2001,910689.0365866789
male,hispanic,35-39,2002,939726.253691321
male,hispanic,35-39,2003,965799.466822997
male,hispanic,35-39,2004,989627.6830478759
male,hispanic,35-39,2005,1007651.9660735
male,hispanic,35-39,2006,1025653.686090734
male,hispanic,35-39,2007,1045385.8023727828
male,hispanic,35-39,2008,1060882.571309059
male,hispanic,35-39,2009,1072857.163442931
male,hispanic,35-39,2010,1605968.157782883
male,hispanic,35-39,2011,534739
male,hispanic,35-39,2012,534713
male,hispanic,35-39,2013,533687
male,hispanic,35-39,2014,533756
male,hispanic,35-39,2015,535270
male,hispanic,35-39,2016,538670
male,hispanic,35-39,2017,545220
male,hispanic,35-39,2018,552645
male,hispanic,35-39,2019,558385
male,hispanic,35-39,2020,554219
male,hispanic,40-44,2000,1360162.929965407
male,hispanic,40-44,2001,718299.1144008869
male,hispanic,40-44,2002,753878.8105876141
male,hispanic,40-44,2003,789184.372240544
male,hispanic,40-44,2004,819697.1269731731
male,hispanic,40-44,2005,849110.1066142912
male,hispanic,40-44,2006,876417.7086812081
male,hispanic,40-44,2007,901286.613146613
male,hispanic,40-44,2008,924593.1465059209
male,hispanic,40-44,2009,964222.2234803971
male,hispanic,40-44,2010,1460481.9698378802
male,hispanic,40-44,2011,497627
male,hispanic,40-44,2012,503707
male,hispanic,40-44,2013,505708
male,hispanic,40-44,2014,505952
male,hispanic,40-44,2015,504802
male,hispanic,40-44,2016,502751
male,hispanic,40-44,2017,502347
male,hispanic,40-44,2018,503569
male,hispanic,40-44,2019,503593
male,hispanic,40-44,2020,484171
male,hispanic,45-49,2000,993698.4550269789
male,hispanic,45-49,2001,530459.5337936541
male,hispanic,45-49,2002,562851.169739251
male,hispanic,45-49,2003,598018.395834213
male,hispanic,45-49,2004,632553.3528388169
male,hispanic,45-49,2005,663203.7703334991
male,hispanic,45-49,2006,694090.310534897
male,hispanic,45-49,2007,726359.308378849
male,hispanic,45-49,2008,755398.5032480881
male,hispanic,45-49,2009,804806.390006539
male,hispanic,45-49,2010,1237250.101078079
male,hispanic,45-49,2011,424357
male,hispanic,45-49,2012,432560
male,hispanic,45-49,2013,437744
male,hispanic,45-49,2014,442573
male,hispanic,45-49,2015,448377
male,hispanic,45-49,2016,454490
male,hispanic,45-49,2017,461744
male,hispanic,45-49,2018,467905
male,hispanic,45-49,2019,468939
male,hispanic,45-49,2020,440018
male,hispanic,50-54,2000,698344.760300939
male,hispanic,50-54,2001,380855.074407882
male,hispanic,50-54,2002,407189.616117724
male,hispanic,50-54,2003,431567.84522752697
male,hispanic,50-54,2004,455153.395646914
male,hispanic,50-54,2005,479765.6310083739
male,hispanic,50-54,2006,507403.653604
male,hispanic,50-54,2007,537535.896433426
male,hispanic,50-54,2008,568686.893683243
male,hispanic,50-54,2009,626812.122197314
male,hispanic,50-54,2010,969120.705112139
male,hispanic,50-54,2011,337827
male,hispanic,50-54,2012,347913
male,hispanic,50-54,2013,354749
male,hispanic,50-54,2014,361229
male,hispanic,50-54,2015,368235
male,hispanic,50-54,2016,375945
male,hispanic,50-54,2017,385851
male,hispanic,50-54,2018,397479
male,hispanic,50-54,2019,409178
male,hispanic,50-54,2020,394377
male,hispanic,55-59,2000,477484.492346467
male,hispanic,55-59,2001,254197.654487844
male,hispanic,55-59,2002,270767.821375735
male,hispanic,55-59,2003,290948.213519919
male,hispanic,55-59,2004,312653.97251065297
male,hispanic,55-59,2005,334030.703410846
male,hispanic,55-59,2006,357263.57159803796
male,hispanic,55-59,2007,381205.32193990005
male,hispanic,55-59,2008,404011.8640532931
male,hispanic,55-59,2009,444115.990632638
male,hispanic,55-59,2010,693575.086696337
male,hispanic,55-59,2011,246184
male,hispanic,55-59,2012,256939
male,hispanic,55-59,2013,265373
male,hispanic,55-59,2014,273598
male,hispanic,55-59,2015,282366
male,hispanic,55-59,2016,291845
male,hispanic,55-59,2017,303677
male,hispanic,55-59,2018,317786
male,hispanic,55-59,2019,333239
male,hispanic,55-59,2020,330471
male,hispanic,60-64,2000,358598.11501375097
male,hispanic,60-64,2001,187270.44191096898
male,hispanic,60-64,2002,195414.57284529702
male,hispanic,60-64,2003,204481.021949758
male,hispanic,60-64,2004,214456.84117788798
male,hispanic,60-64,2005,225128.063876542
male,hispanic,60-64,2006,236817.233685899
male,hispanic,60-64,2007,250319.34167181005
male,hispanic,60-64,2008,266546.980000453
male,hispanic,60-64,2009,305219.50995743
male,hispanic,60-64,2010,479689.13138996996
male,hispanic,60-64,2011,170810
male,hispanic,60-64,2012,178499
male,hispanic,60-64,2013,183986
male,hispanic,60-64,2014,189527
male,hispanic,60-64,2015,196467
male,hispanic,60-64,2016,205455
male,hispanic,60-64,2017,217581
male,hispanic,60-64,2018,232282
male,hispanic,60-64,2019,248637
male,hispanic,60-64,2020,250388
male,hispanic,65-69,2000,278930.206900169
male,hispanic,65-69,2001,144050.31249108698
male,hispanic,65-69,2002,148321.598186653
male,hispanic,65-69,2003,153831.777129365
male,hispanic,65-69,2004,159898.492025505
male,hispanic,65-69,2005,166245.35126825498
male,hispanic,65-69,2006,172457.182830403
male,hispanic,65-69,2007,179159.415493741
male,hispanic,65-69,2008,185790.97763765202
male,hispanic,65-69,2009,202266.10659656502
male,hispanic,65-69,2010,314593.421837975
male,hispanic,65-69,2011,110175
male,hispanic,65-69,2012,114844
male,hispanic,65-69,2013,118798
male,hispanic,65-69,2014,123490
male,hispanic,65-69,2015,129180
male,hispanic,65-69,2016,135881
male,hispanic,65-69,2017,144487
male,hispanic,65-69,2018,155163
male,hispanic,65-69,2019,167820
male,hispanic,65-69,2020,170208
male,hispanic,70-74,2000,209446.977191619
male,hispanic,70-74,2001,111161.633125808
male,hispanic,70-74,2002,115985.364160675
male,hispanic,70-74,2003,120217.811768724
male,hispanic,70-74,2004,123665.029939411
male,hispanic,70-74,2005,126637.674901296
male,hispanic,70-74,2006,129660.86549692298
male,hispanic,70-74,2007,132747.053910519
male,hispanic,70-74,2008,136813.867222028
male,hispanic,70-74,2009,145862.999186509
male,hispanic,70-74,2010,225440.12577796
male,hispanic,70-74,2011,76863
male,hispanic,70-74,2012,77821
male,hispanic,70-74,2013,77916
male,hispanic,70-74,2014,78273
male,hispanic,70-74,2015,79640
male,hispanic,70-74,2016,82353
male,hispanic,70-74,2017,87562
male,hispanic,70-74,2018,95867
male,hispanic,70-74,2019,107103
male,hispanic,70-74,2020,110471
male,hispanic,75-79,2000,138175.948596756
male,hispanic,75-79,2001,74394.130697062
male,hispanic,75-79,2002,78532.694690016
male,hispanic,75-79,2003,82217.71938689599
male,hispanic,75-79,2004,85466.35221078798
male,hispanic,75-79,2005,88417.061928127
male,hispanic,75-79,2006,92456.95007502199
male,hispanic,75-79,2007,97107.02986698502
male,hispanic,75-79,2008,101282.14419938499
male,hispanic,75-79,2009,106895.276004192
male,hispanic,75-79,2010,162956.98739256797
male,hispanic,75-79,2011,54514
male,hispanic,75-79,2012,54480
male,hispanic,75-79,2013,53980
male,hispanic,75-79,2014,53676
male,hispanic,75-79,2015,53743
male,hispanic,75-79,2016,54297
male,hispanic,75-79,2017,56000
male,hispanic,75-79,2018,59305
male,hispanic,75-79,2019,64724
male,hispanic,75-79,2020,64525
male,hispanic,80-84,2000,61750.438834142
male,hispanic,80-84,2001,34597.652921782
male,hispanic,80-84,2002,38101.30703244101
male,hispanic,80-84,2003,42599.733957211996
male,hispanic,80-84,2004,46909.844809140995
male,hispanic,80-84,2005,51209.70153364201
male,hispanic,80-84,2006,54809.323586406004
male,hispanic,80-84,2007,58011.861275944
male,hispanic,80-84,2008,61131.39960816399
male,hispanic,80-84,2009,66215.885793466
male,hispanic,80-84,2010,102205.542887573
male,hispanic,80-84,2011,35800
male,hispanic,80-84,2012,36583
male,hispanic,80-84,2013,36680
male,hispanic,80-84,2014,36374
male,hispanic,80-84,2015,35980
male,hispanic,80-84,2016,35680
male,hispanic,80-84,2017,36055
male,hispanic,80-84,2018,37552
male,hispanic,80-84,2019,40390
male,hispanic,80-84,2020,39628
male,hispanic,85-89,2000,28769.608938998
male,hispanic,85-89,2001,15270.583642295998
male,hispanic,85-89,2002,16126.772910354
male,hispanic,85-89,2003,16753.371937352
male,hispanic,85-89,2004,17637.195691603
male,hispanic,85-89,2005,18835.789855097995
male,hispanic,85-89,2006,20580.125411344998
male,hispanic,85-89,2007,22504.160817574
male,hispanic,85-89,2008,24922.053569679996
male,hispanic,85-89,2009,31039.186186722996
male,hispanic,85-89,2010,50150.288015309
male,hispanic,85-89,2011,17648
male,hispanic,85-89,2012,18120
male,hispanic,85-89,2013,18239
male,hispanic,85-89,2014,18309
male,hispanic,85-89,2015,18604
male,hispanic,85-89,2016,19174
male,hispanic,85-89,2017,19994
male,hispanic,85-89,2018,20988
male,hispanic,85-89,2019,22036
male,hispanic,85-89,2020,21531
male,hispanic,90+,2000,12471.985413077
male,hispanic,90+,2001,5776.759816177
male,hispanic,90+,2002,6266.858359883001
male,hispanic,90+,2003,6845.480349637999
male,hispanic,90+,2004,7323.909469757001
male,hispanic,90+,2005,7680.397758922999
male,hispanic,90+,2006,8155.512122416001
male,hispanic,90+,2007,8598.076143875998
male,hispanic,90+,2008,9150.365542828
male,hispanic,90+,2009,10908.607081819999
male,hispanic,90+,2010,16836.101142001
male,hispanic,90+,2011,6456
male,hispanic,90+,2012,7059
male,hispanic,90+,2013,7675
male,hispanic,90+,2014,8292
male,hispanic,90+,2015,9012
male,hispanic,90+,2016,9512
male,hispanic,90+,2017,10163
male,hispanic,90+,2018,10732
male,hispanic,90+,2019,11352
male,hispanic,90+,2020,10858
male,white,0-4,2000,1994466.0934792021
male,white,0-4,2001,967513.7884999621
male,white,0-4,2002,950567.209830838
male,white,0-4,2003,939026.0396571431
male,white,0-4,2004,927735.9194808952
male,white,0-4,2005,911896.1473573521
male,white,0-4,2006,896051.879212436
male,white,0-4,2007,879814.117535234
male,white,0-4,2008,865245.9412937469
male,white,0-4,2009,833959.533895995
male,white,0-4,2010,1210810.005861727
male,white,0-4,2011,404874
male,white,0-4,2012,406983
male,white,0-4,2013,408763
male,white,0-4,2014,411959
male,white,0-4,2015,415967
male,white,0-4,2016,418347
male,white,0-4,2017,416310
male,white,0-4,2018,406525
male,white,0-4,2019,383879
male,white,0-4,2020,346742
male,white,5-9,2000,1962867.244734107
male,white,5-9,2001,941779.376238842
male,white,5-9,2002,913439.9957657439
male,white,5-9,2003,885657.014107434
male,white,5-9,2004,858888.745901572
male,white,5-9,2005,831135.1501222509
male,white,5-9,2006,806476.208954955
male,white,5-9,2007,787653.1338255531
male,white,5-9,2008,768894.2051514079
male,white,5-9,2009,734917.209220343
male,white,5-9,2010,1065312.6104279668
male,white,5-9,2011,343150
male,white,5-9,2012,332762
male,white,5-9,2013,320373
male,white,5-9,2014,308462
male,white,5-9,2015,298510
male,white,5-9,2016,291919
male,white,5-9,2017,291881
male,white,5-9,2018,297041
male,white,5-9,2019,300249
male,white,5-9,2020,300011
male,white,10-14,2000,1975507.204384546
male,white,10-14,2001,994064.486550382
male,white,10-14,2002,996713.5591893459
male,white,10-14,2003,985591.8718254471
male,white,10-14,2004,966320.354457325
male,white,10-14,2005,938928.7499512418
male,white,10-14,2006,914043.144159472
male,white,10-14,2007,888538.8433491508
male,white,10-14,2008,865123.0249922329
male,white,10-14,2009,807822.8801717821
male,white,10-14,2010,1166768.023828413
male,white,10-14,2011,375476
male,white,10-14,2012,363721
male,white,10-14,2013,350451
male,white,10-14,2014,336996
male,white,10-14,2015,323784
male,white,10-14,2016,311948
male,white,10-14,2017,304107
male,white,10-14,2018,302234
male,white,10-14,2019,308083
male,white,10-14,2020,324253
male,white,15-19,2000,1884181.202704346
male,white,15-19,2001,943735.0191651259
male,white,15-19,2002,956445.0918091668
male,white,15-19,2003,977147.3892232709
male,white,15-19,2004,989525.2632103981
male,white,15-19,2005,992907.5533577718
male,white,15-19,2006,987587.822659377
male,white,15-19,2007,977781.082749676
male,white,15-19,2008,961131.759030827
male,white,15-19,2009,921059.2986826859
male,white,15-19,2010,1374178.1051883812
male,white,15-19,2011,438248
male,white,15-19,2012,422717
male,white,15-19,2013,406873
male,white,15-19,2014,392094
male,white,15-19,2015,378756
male,white,15-19,2016,366722
male,white,15-19,2017,356774
male,white,15-19,2018,349068
male,white,15-19,2019,344513
male,white,15-19,2020,344854
male,white,20-24,2000,1758952.2073710747
male,white,20-24,2001,892893.4534954631
male,white,20-24,2002,916301.909096963
male,white,20-24,2003,939401.1067794368
male,white,20-24,2004,960493.632917884
male,white,20-24,2005,975300.4215158499
male,white,20-24,2006,992544.060035564
male,white,20-24,2007,1004856.1495706061
male,white,20-24,2008,1011619.295970155
male,white,20-24,2009,988754.6439229249
male,white,20-24,2010,1461390.057936463
male,white,20-24,2011,483140
male,white,20-24,2012,477382
male,white,20-24,2013,469378
male,white,20-24,2014,459350
male,white,20-24,2015,446601
male,white,20-24,2016,431561
male,white,20-24,2017,416311
male,white,20-24,2018,401970
male,white,20-24,2019,388720
male,white,20-24,2020,378754
male,white,25-29,2000,2081127.7026485521
male,white,25-29,2001,984849.1752203761
male,white,25-29,2002,941932.322923795
male,white,25-29,2003,918248.6179970892
male,white,25-29,2004,910732.0453834787
male,white,25-29,2005,911806.9206772742
male,white,25-29,2006,920306.250968126
male,white,25-29,2007,938826.767037388
male,white,25-29,2008,962096.491601861
male,white,25-29,2009,994008.4597057439
male,white,25-29,2010,1493414.0389274
male,white,25-29,2011,499122
male,white,25-29,2012,498899
male,white,25-29,2013,496699
male,white,25-29,2014,493376
male,white,25-29,2015,488738
male,white,25-29,2016,483811
male,white,25-29,2017,478813
male,white,25-29,2018,474303
male,white,25-29,2019,472543
male,white,25-29,2020,472670
male,white,30-34,2000,2365767.747897721
male,white,30-34,2001,1160593.859846714
male,white,30-34,2002,1141008.564430359
male,white,30-34,2003,1111960.912028126
male,white,30-34,2004,1072150.3933936222
male,white,30-34,2005,1024582.054447362
male,white,30-34,2006,975481.9096376798
male,white,30-34,2007,933569.860959034
male,white,30-34,2008,903460.696007166
male,white,30-34,2009,891854.128707701
male,white,30-34,2010,1332514.298161916
male,white,30-34,2011,462377
male,white,30-34,2012,477191
male,white,30-34,2013,491915
male,white,30-34,2014,505284
male,white,30-34,2015,514323
male,white,30-34,2016,518070
male,white,30-34,2017,517141
male,white,30-34,2018,512447
male,white,30-34,2019,506842
male,white,30-34,2020,496661
male,white,35-39,2000,2810914.898265047
male,white,35-39,2001,1358753.057561364
male,white,35-39,2002,1309046.962925605
male,white,35-39,2003,1253928.9662860502
male,white,35-39,2004,1201201.952908116
male,white,35-39,2005,1150859.2974272678
male,white,35-39,2006,1114728.614866044
male,white,35-39,2007,1095090.49348818
male,white,35-39,2008,1077914.616033102
male,white,35-39,2009,1011522.5464826509
male,white,35-39,2010,1451598.648883782
male,white,35-39,2011,463618
male,white,35-39,2012,453790
male,white,35-39,2013,449111
male,white,35-39,2014,451420
male,white,35-39,2015,459384
male,white,35-39,2016,470282
male,white,35-39,2017,482038
male,white,35-39,2018,490848
male,white,35-39,2019,491467
male,white,35-39,2020,476714
male,white,40-44,2000,2812276.8070844533
male,white,40-44,2001,1410328.718287379
male,white,40-44,2002,1413830.141998345
male,white,40-44,2003,1406951.595888697
male,white,40-44,2004,1388549.7453384558
male,white,40-44,2005,1361019.51105039
male,white,40-44,2006,1323405.390939212
male,white,40-44,2007,1275178.3892640062
male,white,40-44,2008,1218963.8555299272
male,white,40-44,2009,1112313.217609018
male,white,40-44,2010,1596236.45645574
male,white,40-44,2011,523126
male,white,40-44,2012,514198
male,white,40-44,2013,502680
male,white,40-44,2014,488912
male,white,40-44,2015,472736
male,white,40-44,2016,456168
male,white,40-44,2017,442508
male,white,40-44,2018,433659
male,white,40-44,2019,428233
male,white,40-44,2020,418804
male,white,45-49,2000,2575309.070299274
male,white,45-49,2001,1299418.9641300929
male,white,45-49,2002,1321496.333395929
male,white,45-49,2003,1341443.505731276
male,white,45-49,2004,1356874.3926041862
male,white,45-49,2005,1361004.9074869608
male,white,45-49,2006,1361834.629276326
male,white,45-49,2007,1361331.047806706
male,white,45-49,2008,1354015.756620039
male,white,45-49,2009,1305220.268340541
male,white,45-49,2010,1909179.5779534779
male,white,45-49,2011,609363
male,white,45-49,2012,586701
male,white,45-49,2013,562412
male,white,45-49,2014,539320
male,white,45-49,2015,519936
male,white,45-49,2016,505345
male,white,45-49,2017,495106
male,white,45-49,2018,484657
male,white,45-49,2019,469451
male,white,45-49,2020,452119
male,white,50-54,2000,2301108.7078583906
male,white,50-54,2001,1194948.514314671
male,white,50-54,2002,1224931.288421508
male,white,50-54,2003,1226497.444701382
male,white,50-54,2004,1227157.727646239
male,white,50-54,2005,1234070.359083041
male,white,50-54,2006,1246049.0135420598
male,white,50-54,2007,1262270.78101304
male,white,50-54,2008,1278701.0142262462
male,white,50-54,2009,1293501.7801691368
male,white,50-54,2010,1922328.4701844482
male,white,50-54,2011,641291
male,white,50-54,2012,637743
male,white,50-54,2013,629537
male,white,50-54,2014,618127
male,white,50-54,2015,602893
male,white,50-54,2016,583782
male,white,50-54,2017,561801
male,white,50-54,2018,538431
male,white,50-54,2019,514333
male,white,50-54,2020,489151
male,white,55-59,2000,1718869.656059273
male,white,55-59,2001,889384.961216046
male,white,55-59,2002,927501.127532478
male,white,55-59,2003,987255.279550568
male,white,55-59,2004,1037160.9528374169
male,white,55-59,2005,1073673.471308637
male,white,55-59,2006,1109952.819172339
male,white,55-59,2007,1141859.7175830458
male,white,55-59,2008,1159007.218222137
male,white,55-59,2009,1151014.7947414732
male,white,55-59,2010,1726787.0532181407
male,white,55-59,2011,586400
male,white,55-59,2012,593364
male,white,55-59,2013,597857
male,white,55-59,2014,601193
male,white,55-59,2015,602133
male,white,55-59,2016,600722
male,white,55-59,2017,598078
male,white,55-59,2018,591357
male,white,55-59,2019,577315
male,white,55-59,2020,560672
male,white,60-64,2000,1324466.6735835401
male,white,60-64,2001,671013.6322317361
male,white,60-64,2002,688566.426976099
male,white,60-64,2003,714180.6905507271
male,white,60-64,2004,746420.2598566221
male,white,60-64,2005,777595.6090089451
male,white,60-64,2006,805676.6747486162
male,white,60-64,2007,836791.6962593779
male,white,60-64,2008,877525.7302270879
male,white,60-64,2009,972443.207485445
male,white,60-64,2010,1487533.845542055
male,white,60-64,2011,512776
male,white,60-64,2012,520711
male,white,60-64,2013,521797
male,white,60-64,2014,520505
male,white,60-64,2015,521385
male,white,60-64,2016,525613
male,white,60-64,2017,532492
male,white,60-64,2018,539153
male,white,60-64,2019,539890
male,white,60-64,2020,536593
male,white,65-69,2000,1170487.42097573
male,white,65-69,2001,574992.99855636
male,white,65-69,2002,571355.238067119
male,white,65-69,2003,572736.756975921
male,white,65-69,2004,580361.968778856
male,white,65-69,2005,589721.489202554
male,white,65-69,2006,600624.2644528081
male,white,65-69,2007,612769.756992549
male,white,65-69,2008,629323.065653806
male,white,65-69,2009,683542.5036848779
male,white,65-69,2010,1050345.126629427
male,white,65-69,2011,367312
male,white,65-69,2012,382117
male,white,65-69,2013,396748
male,white,65-69,2014,411663
male,white,65-69,2015,424431
male,white,65-69,2016,434635
male,white,65-69,2017,444406
male,white,65-69,2018,451146
male,white,65-69,2019,452855
male,white,65-69,2020,454384
male,white,70-74,2000,1061712.364786817
male,white,70-74,2001,524162.06538726104
male,white,70-74,2002,523014.987122766
male,white,70-74,2003,520580.873554733
male,white,70-74,2004,515566.874657564
male,white,70-74,2005,509642.3299853249
male,white,70-74,2006,503740.233832537
male,white,70-74,2007,499326.87154179096
male,white,70-74,2008,497437.79203013505
male,white,70-74,2009,505214.692190356
male,white,70-74,2010,764787.630093592
male,white,70-74,2011,258908
male,white,70-74,2012,262677
male,white,70-74,2013,266182
male,white,70-74,2014,271804
male,white,70-74,2015,280193
male,white,70-74,2016,290628
male,white,70-74,2017,305663
male,white,70-74,2018,326498
male,white,70-74,2019,349329
male,white,70-74,2020,370435
male,white,75-79,2000,901758.979653533
male,white,75-79,2001,450748.15593683603
male,white,75-79,2002,445079.59033190296
male,white,75-79,2003,437624.87383872905
male,white,75-79,2004,432740.4855670751
male,white,75-79,2005,426847.87344974704
male,white,75-79,2006,423372.212868621
male,white,75-79,2007,422467.211479398
male,white,75-79,2008,422364.11691916804
male,white,75-79,2009,415798.332202577
male,white,75-79,2010,612775.887017676
male,white,75-79,2011,199369
male,white,75-79,2012,195448
male,white,75-79,2013,190838
male,white,75-79,2014,187349
male,white,75-79,2015,186146
male,white,75-79,2016,186910
male,white,75-79,2017,191693
male,white,75-79,2018,201894
male,white,75-79,2019,218368
male,white,75-79,2020,238556
male,white,80-84,2000,541946.9670049879
male,white,80-84,2001,280639.350949678
male,white,80-84,2002,292661.47005262604
male,white,80-84,2003,304028.94899771904
male,white,80-84,2004,310429.406910265
male,white,80-84,2005,314816.93798206805
male,white,80-84,2006,316721.50874606904
male,white,80-84,2007,314790.042630641
male,white,80-84,2008,311074.16647011996
male,white,80-84,2009,306044.30680573004
male,white,80-84,2010,452989.202971719
male,white,80-84,2011,149675
male,white,80-84,2012,147477
male,white,80-84,2013,143785
male,white,80-84,2014,139380
male,white,80-84,2015,134740
male,white,80-84,2016,130555
male,white,80-84,2017,128715
male,white,80-84,2018,130121
male,white,80-84,2019,135341
male,white,80-84,2020,145385
male,white,85-89,2000,242807.229873351
male,white,85-89,2001,128955.33661797197
male,white,85-89,2002,135350.611076158
male,white,85-89,2003,140313.225064122
male,white,85-89,2004,144614.51207361
male,white,85-89,2005,148562.633573253
male,white,85-89,2006,153027.189630013
male,white,85-89,2007,159595.723569947
male,white,85-89,2008,166687.279420296
male,white,85-89,2009,176523.359029203
male,white,85-89,2010,268465.8616225
male,white,85-89,2011,88520
male,white,85-89,2012,86802
male,white,85-89,2013,84263
male,white,85-89,2014,81829
male,white,85-89,2015,79719
male,white,85-89,2016,78217
male,white,85-89,2017,77687
male,white,85-89,2018,77912
male,white,85-89,2019,78686
male,white,85-89,2020,83388
male,white,90+,2000,78040.57157444402
male,white,90+,2001,37974.541273223
male,white,90+,2002,41566.267083145
male,white,90+,2003,45927.05481444099
male,white,90+,2004,49586.254247916
male,white,90+,2005,52765.336077618
male,white,90+,2006,56220.356545995
male,white,90+,2007,58539.317062726004
male,white,90+,2008,60998.010158900994
male,white,90+,2009,64931.47998112601
male,white,90+,2010,99738.438344317
male,white,90+,2011,34993
male,white,90+,2012,35670
male,white,90+,2013,36353
male,white,90+,2014,36977
male,white,90+,2015,37793
male,white,90+,2016,38341
male,white,90+,2017,39045
male,white,90+,2018,39748
male,white,90+,2019,40420
male,white,90+,2020,42543
