sex,race_eth,age_group,year,population
female,black,0-4,1999,117672.39222970657
female,black,0-4,2000,98779
female,black,0-4,2001,94684.78521323501
female,black,0-4,2002,91145.55438817698
female,black,0-4,2003,88155.24797955398
female,black,0-4,2004,85469.99375393399
female,black,0-4,2005,82928.405532589
female,black,0-4,2006,81111.66428502
female,black,0-4,2007,80038.80591089198
female,black,0-4,2008,79575.807585926
female,black,0-4,2009,78551.56756796
female,black,0-4,2010,77897
female,black,0-4,2011,78857
female,black,0-4,2012,79389
female,black,0-4,2013,79477
female,black,0-4,2014,79313
female,black,0-4,2015,78667
female,black,0-4,2016,77579
female,black,0-4,2017,75847
female,black,0-4,2018,73444
female,black,0-4,2019,70134
female,black,0-4,2020,65579
female,black,5-9,1999,112395.09418785451
female,black,5-9,2000,100365
female,black,5-9,2001,97041.932608279
female,black,5-9,2002,93969.344727109
female,black,5-9,2003,90696.11720839399
female,black,5-9,2004,87191.325798121
female,black,5-9,2005,83366.295548394
female,black,5-9,2006,79733.26815160201
female,black,5-9,2007,76870.30383259
female,black,5-9,2008,74773.020689486
female,black,5-9,2009,70417.741889879
female,black,5-9,2010,68252
female,black,5-9,2011,66084
female,black,5-9,2012,64771
female,black,5-9,2013,63495
female,black,5-9,2014,62723
female,black,5-9,2015,62271
female,black,5-9,2016,62082
female,black,5-9,2017,62235
female,black,5-9,2018,62384
female,black,5-9,2019,61569
female,black,5-9,2020,59680
female,black,10-14,1999,98519.69916980431
female,black,10-14,2000,93664
female,black,10-14,2001,95855.44457246299
female,black,10-14,2002,97082.22161595
female,black,10-14,2003,97671.730510403
female,black,10-14,2004,97280.343139467
female,black,10-14,2005,95952.99615052299
female,black,10-14,2006,94150.705752705
female,black,10-14,2007,91814.118655807
female,black,10-14,2008,89102.316956333
female,black,10-14,2009,82306.615872864
female,black,10-14,2010,78147
female,black,10-14,2011,75088
female,black,10-14,2012,72758
female,black,10-14,2013,70271
female,black,10-14,2014,67848
female,black,10-14,2015,65449
female,black,10-14,2016,63313
female,black,10-14,2017,61861
female,black,10-14,2018,61399
female,black,10-14,2019,62168
female,black,10-14,2020,62945
female,black,15-19,1999,85283.35866162679
female,black,15-19,2000,80854
female,black,15-19,2001,81479.23620381398
female,black,15-19,2002,83543.185322
female,black,15-19,2003,85321.934724834
female,black,15-19,2004,86776.36217648101
female,black,15-19,2005,88078.267216629
female,black,15-19,2006,89518.827906188
female,black,15-19,2007,90545.37916201001
female,black,15-19,2008,91357.365139506
female,black,15-19,2009,92236.697408468
female,black,15-19,2010,90978
female,black,15-19,2011,88618
female,black,15-19,2012,86252
female,black,15-19,2013,83377
female,black,15-19,2014,80422
female,black,15-19,2015,77503
female,black,15-19,2016,74664
female,black,15-19,2017,72072
female,black,15-19,2018,69670
female,black,15-19,2019,67174
female,black,15-19,2020,63948
female,black,20-24,1999,77412.92020157566
female,black,20-24,2000,73887
female,black,20-24,2001,73311.314004046
female,black,20-24,2002,74518.332764325
female,black,20-24,2003,75918.98981228
female,black,20-24,2004,77245.980134173
female,black,20-24,2005,77864.808890919
female,black,20-24,2006,78440.79443173399
female,black,20-24,2007,79007.950602337
female,black,20-24,2008,79738.70551186
female,black,20-24,2009,81133.252114688
female,black,20-24,2010,81657
female,black,20-24,2011,84433
female,black,20-24,2012,86205
female,black,20-24,2013,87265
female,black,20-24,2014,87659
female,black,20-24,2015,87215
female,black,20-24,2016,85798
female,black,20-24,2017,83571
female,black,20-24,2018,80720
female,black,20-24,2019,77239
female,black,20-24,2020,72249
female,black,25-29,1999,87860.93676174554
female,black,25-29,2000,81718
female,black,25-29,2001,76410.97087505899
female,black,25-29,2002,73794.404283982
female,black,25-29,2003,72476.248335913
female,black,25-29,2004,72053.29450799001
female,black,25-29,2005,72209.675087628
female,black,25-29,2006,72748.717251559
female,black,25-29,2007,73593.369407911
female,black,25-29,2008,74555.36994297401
female,black,25-29,2009,75274.39744085
female,black,25-29,2010,74858
female,black,25-29,2011,75743
female,black,25-29,2012,76663
female,black,25-29,2013,77693
female,black,25-29,2014,79114
female,black,25-29,2015,80887
female,black,25-29,2016,82822
female,black,25-29,2017,84904
female,black,25-29,2018,86989
female,black,25-29,2019,89410
female,black,25-29,2020,89069
female,black,30-34,1999,95489.65975548366
female,black,30-34,2000,90042
female,black,30-34,2001,87719.54245030301
female,black,30-34,2002,86571.516260576
female,black,30-34,2003,84766.478584182
female,black,30-34,2004,82342.191941639
female,black,30-34,2005,79306.90838653801
female,black,30-34,2006,75995.62350377199
female,black,30-34,2007,72947.209707726
female,black,30-34,2008,70916.503711123
female,black,30-34,2009,69895.40775289999
female,black,30-34,2010,69791
female,black,30-34,2011,71840
female,black,30-34,2012,73392
female,black,30-34,2013,74812
female,black,30-34,2014,76106
female,black,30-34,2015,77030
female,black,30-34,2016,77658
female,black,30-34,2017,78447
female,black,30-34,2018,79629
female,black,30-34,2019,81740
female,black,30-34,2020,80501
female,black,35-39,1999,100905.20787894404
female,black,35-39,2000,99357
female,black,35-39,2001,97636.82010878502
female,black,35-39,2002,95781.432247083
female,black,35-39,2003,93181.608439248
female,black,35-39,2004,90311.70878878198
female,black,35-39,2005,87109.642816408
female,black,35-39,2006,84750.795555523
female,black,35-39,2007,83252.90847746
female,black,35-39,2008,81724.790959811
female,black,35-39,2009,77133.560880855
female,black,35-39,2010,74406
female,black,35-39,2011,71833
female,black,35-39,2012,70647
female,black,35-39,2013,70154
female,black,35-39,2014,70687
female,black,35-39,2015,71741
female,black,35-39,2016,73018
female,black,35-39,2017,74128
female,black,35-39,2018,74681
female,black,35-39,2019,74194
female,black,35-39,2020,71234
female,black,40-44,1999,88431.98679298519
female,black,40-44,2000,89561
female,black,40-44,2001,92128.27314317701
female,black,40-44,2002,94279.27378279701
female,black,40-44,2003,95595.331418497
female,black,40-44,2004,95833.59028703801
female,black,40-44,2005,95305.405652137
female,black,40-44,2006,94020.39749473201
female,black,40-44,2007,92098.805043431
female,black,40-44,2008,89552.2582447
female,black,40-44,2009,83741.889989752
female,black,40-44,2010,80970
female,black,40-44,2011,79924
female,black,40-44,2012,78692
female,black,40-44,2013,77286
female,black,40-44,2014,75586
female,black,40-44,2015,73683
female,black,40-44,2016,71590
female,black,40-44,2017,69890
female,black,40-44,2018,68833
female,black,40-44,2019,68638
female,black,40-44,2020,66089
female,black,45-49,1999,74363.41255828724
female,black,45-49,2000,74814
female,black,45-49,2001,76470.687128022
female,black,45-49,2002,78807.84125825901
female,black,45-49,2003,81508.52298521299
female,black,45-49,2004,84052.494703714
female,black,45-49,2005,86127.503533
female,black,45-49,2006,88221.77590293299
female,black,45-49,2007,89998.98528007099
female,black,45-49,2008,91175.611589544
female,black,45-49,2009,90490.76980409301
female,black,45-49,2010,89265
female,black,45-49,2011,87618
female,black,45-49,2012,86135
female,black,45-49,2013,84188
female,black,45-49,2014,82212
female,black,45-49,2015,80367
female,black,45-49,2016,78723
female,black,45-49,2017,77250
female,black,45-49,2018,75625
female,black,45-49,2019,73311
female,black,45-49,2020,68609
female,black,50-54,1999,56488.69441648216
female,black,50-54,2000,59078
female,black,50-54,2001,63605.327542963
female,black,50-54,2002,66772.21822423699
female,black,50-54,2003,68910.63163069599
female,black,50-54,2004,70476.200118973
female,black,50-54,2005,71585.81047571299
female,black,50-54,2006,72940.64650314
female,black,50-54,2007,74781.116375326
female,black,50-54,2008,76883.197531818
female,black,50-54,2009,80855.997394316
female,black,50-54,2010,82024
female,black,50-54,2011,84557
female,black,50-54,2012,85854
female,black,50-54,2013,86478
female,black,50-54,2014,86545
female,black,50-54,2015,85993
female,black,50-54,2016,84896
female,black,50-54,2017,83345
female,black,50-54,2018,81236
female,black,50-54,2019,78816
female,black,50-54,2020,73744
female,black,55-59,1999,44873.264076051186
female,black,55-59,2000,46001
female,black,55-59,2001,46946.702786147995
female,black,55-59,2002,48342.778910427995
female,black,55-59,2003,50499.097046894996
female,black,55-59,2004,52870.38245095
female,black,55-59,2005,55427.95958794
female,black,55-59,2006,58446.314860407
female,black,55-59,2007,61465.470588033
female,black,55-59,2008,63897.164330775006
female,black,55-59,2009,66277.842345098
female,black,55-59,2010,66801
female,black,55-59,2011,69568
female,black,55-59,2012,71771
female,black,55-59,2013,74004
female,black,55-59,2014,76326
female,black,55-59,2015,78295
female,black,55-59,2016,80028
female,black,55-59,2017,81462
female,black,55-59,2018,82092
female,black,55-59,2019,81738
female,black,55-59,2020,78704
female,black,60-64,1999,36972.769742682314
female,black,60-64,2000,37855
female,black,60-64,2001,38714.262774277
female,black,60-64,2002,39457.667231769
female,black,60-64,2003,40482.20805396901
female,black,60-64,2004,41564.594034115005
female,black,60-64,2005,42557.894367127
female,black,60-64,2006,43335.782317087
female,black,60-64,2007,44305.672108321
female,black,60-64,2008,45567.262996313
female,black,60-64,2009,49780.984059838
female,black,60-64,2010,51458
female,black,60-64,2011,55191
female,black,60-64,2012,57518
female,black,60-64,2013,59170
female,black,60-64,2014,60540
female,black,60-64,2015,62025
female,black,60-64,2016,63617
female,black,60-64,2017,65583
female,black,60-64,2018,67785
female,black,60-64,2019,69860
female,black,60-64,2020,69233
female,black,65-69,1999,29455.668778607513
female,black,65-69,2000,30340
female,black,65-69,2001,31148.474995754004
female,black,65-69,2002,31952.585523319
female,black,65-69,2003,32843.212923476996
female,black,65-69,2004,33550.470493108
female,black,65-69,2005,34129.193541319
female,black,65-69,2006,34778.37203082
female,black,65-69,2007,35390.147284107
female,black,65-69,2008,36123.367698568
female,black,65-69,2009,38000.707299618
female,black,65-69,2010,38572
female,black,65-69,2011,39844
female,black,65-69,2012,40971
female,black,65-69,2013,42370
female,black,65-69,2014,44214
female,black,65-69,2015,46334
female,black,65-69,2016,48578
female,black,65-69,2017,50845
female,black,65-69,2018,52698
female,black,65-69,2019,54196
female,black,65-69,2020,54007
female,black,70-74,1999,25267.410196035973
female,black,70-74,2000,25411
female,black,70-74,2001,25614.268356225
female,black,70-74,2002,25537.253434927
female,black,70-74,2003,25521.442849501997
female,black,70-74,2004,25858.619943472
female,black,70-74,2005,26299.043896965
female,black,70-74,2006,26784.345260984
female,black,70-74,2007,27392.290846655
female,black,70-74,2008,28095.266203067004
female,black,70-74,2009,29202.576783473
female,black,70-74,2010,29647
female,black,70-74,2011,30595
female,black,70-74,2012,31314
female,black,70-74,2013,31928
female,black,70-74,2014,32624
female,black,70-74,2015,33282
female,black,70-74,2016,34024
female,black,70-74,2017,35110
female,black,70-74,2018,36711
female,black,70-74,2019,38862
female,black,70-74,2020,39798
female,black,75-79,1999,19140.460097110175
female,black,75-79,2000,20274
female,black,75-79,2001,20586.116104633
female,black,75-79,2002,20860.940469215
female,black,75-79,2003,20950.419203506997
female,black,75-79,2004,20956.796426777
female,black,75-79,2005,20848.201934284
female,black,75-79,2006,20841.595276235
female,black,75-79,2007,20771.306425522
female,black,75-79,2008,20707.483427236
female,black,75-79,2009,21192.921948748
female,black,75-79,2010,21504
female,black,75-79,2011,22348
female,black,75-79,2012,22917
female,black,75-79,2013,23404
female,black,75-79,2014,23886
female,black,75-79,2015,24367
female,black,75-79,2016,24819
female,black,75-79,2017,25468
female,black,75-79,2018,26271
female,black,75-79,2019,27304
female,black,75-79,2020,27600
female,black,80-84,1999,12558.515853394918
female,black,80-84,2000,12870
female,black,80-84,2001,13615.186834572
female,black,80-84,2002,13969.31495252
female,black,80-84,2003,14323.062381543
female,black,80-84,2004,14587.039320527
female,black,80-84,2005,14868.381818527
female,black,80-84,2006,15020.72001982
female,black,80-84,2007,15247.757077368999
female,black,80-84,2008,15408.494351788
female,black,80-84,2009,15479.279495151
female,black,80-84,2010,15472
female,black,80-84,2011,15656
female,black,80-84,2012,15728
female,black,80-84,2013,15807
female,black,80-84,2014,15988
female,black,80-84,2015,16335
female,black,80-84,2016,16765
female,black,80-84,2017,17233
female,black,80-84,2018,17813
female,black,80-84,2019,18498
female,black,80-84,2020,18965
female,black,85-89,1999,6945.209330126863
female,black,85-89,2000,7298
female,black,85-89,2001,7638.538903639999
female,black,85-89,2002,7806.157457257999
female,black,85-89,2003,8001.063368659
female,black,85-89,2004,8037.3725641
female,black,85-89,2005,8064.638885105
female,black,85-89,2006,8315.821281389999
female,black,85-89,2007,8505.914352456
female,black,85-89,2008,8761.954254913999
female,black,85-89,2009,9153.572760735
female,black,85-89,2010,9396
female,black,85-89,2011,9757
female,black,85-89,2012,9910
female,black,85-89,2013,10025
female,black,85-89,2014,10104
female,black,85-89,2015,10168
female,black,85-89,2016,10158
female,black,85-89,2017,10244
female,black,85-89,2018,10329
female,black,85-89,2019,10497
female,black,85-89,2020,11254
female,black,90+,1999,3797.636314708548
female,black,90+,2000,4159
female,black,90+,2001,4020.7856323550004
female,black,90+,2002,4175.24886736
female,black,90+,2003,4368.044177892
female,black,90+,2004,4576.880726605999
female,black,90+,2005,4734.350249880001
female,black,90+,2006,4835.9303458290005
female,black,90+,2007,4914.699886228001
female,black,90+,2008,5003.983865290001
female,black,90+,2009,5296.561723344
female,black,90+,2010,5304
female,black,90+,2011,5628
female,black,90+,2012,5820
female,black,90+,2013,6003
female,black,90+,2014,6186
female,black,90+,2015,6395
female,black,90+,2016,6497
female,black,90+,2017,6660
female,black,90+,2018,6804
female,black,90+,2019,6965
female,black,90+,2020,7515
female,hispanic,0-4,1999,708958.7176172963
female,hispanic,0-4,2000,702687
female,hispanic,0-4,2001,713834.6468932929
female,hispanic,0-4,2002,728606.038893137
female,hispanic,0-4,2003,744918.724166634
female,hispanic,0-4,2004,760231.3150404701
female,hispanic,0-4,2005,772237.394115029
female,hispanic,0-4,2006,782032.332839417
female,hispanic,0-4,2007,787377.205235575
female,hispanic,0-4,2008,790783.8943990099
female,hispanic,0-4,2009,788366.928534578
female,hispanic,0-4,2010,789673
female,hispanic,0-4,2011,787968
female,hispanic,0-4,2012,783314
female,hispanic,0-4,2013,774653
female,hispanic,0-4,2014,763809
female,hispanic,0-4,2015,750500
female,hispanic,0-4,2016,735586
female,hispanic,0-4,2017,721676
female,hispanic,0-4,2018,711905
female,hispanic,0-4,2019,713772
female,hispanic,0-4,2020,814948
female,hispanic,5-9,1999,575855.4481116341
female,hispanic,5-9,2000,596046
female,hispanic,5-9,2001,614788.3419744349
female,hispanic,5-9,2002,622776.995610434
female,hispanic,5-9,2003,627671.7835802119
female,hispanic,5-9,2004,628295.2202908699
female,hispanic,5-9,2005,626523.128253523
female,hispanic,5-9,2006,625854.1086265111
female,hispanic,5-9,2007,629815.238154614
female,hispanic,5-9,2008,633515.61782670906
female,hispanic,5-9,2009,629020.577186369
female,hispanic,5-9,2010,632690
female,hispanic,5-9,2011,647606
female,hispanic,5-9,2012,662211
female,hispanic,5-9,2013,678949
female,hispanic,5-9,2014,696161
female,hispanic,5-9,2015,708790
female,hispanic,5-9,2016,714039
female,hispanic,5-9,2017,710359
female,hispanic,5-9,2018,697385
female,hispanic,5-9,2019,680445
female,hispanic,5-9,2020,720857
female,hispanic,10-14,1999,473442.07216461777
female,hispanic,10-14,2000,490493
female,hispanic,10-14,2001,532998.5507868341
female,hispanic,10-14,2002,559388.598625076
female,hispanic,10-14,2003,585561.429318245
female,hispanic,10-14,2004,607832.935769335
female,hispanic,10-14,2005,624723.751717524
female,hispanic,10-14,2006,637930.8360888279
female,hispanic,10-14,2007,645770.649492363
female,hispanic,10-14,2008,648242.123863367
female,hispanic,10-14,2009,636939.9141952669
female,hispanic,10-14,2010,641743
female,hispanic,10-14,2011,647290
female,hispanic,10-14,2012,654161
female,hispanic,10-14,2013,663243
female,hispanic,10-14,2014,674494
female,hispanic,10-14,2015,685717
female,hispanic,10-14,2016,696124
female,hispanic,10-14,2017,705234
female,hispanic,10-14,2018,711191
female,hispanic,10-14,2019,713879
female,hispanic,10-14,2020,747750
female,hispanic,15-19,1999,463564.3894803659
female,hispanic,15-19,2000,469960
female,hispanic,15-19,2001,489923.70537117694
female,hispanic,15-19,2002,499944.514198316
female,hispanic,15-19,2003,513602.709048295
female,hispanic,15-19,2004,527712.970776445
female,hispanic,15-19,2005,541567.010679311
female,hispanic,15-19,2006,557753.643442419
female,hispanic,15-19,2007,575130.107476778
female,hispanic,15-19,2008,593843.471730039
female,hispanic,15-19,2009,624750.8387504009
female,hispanic,15-19,2010,648217
female,hispanic,15-19,2011,659948
female,hispanic,15-19,2012,667304
female,hispanic,15-19,2013,672599
female,hispanic,15-19,2014,677025
female,hispanic,15-19,2015,680225
female,hispanic,15-19,2016,682387
female,hispanic,15-19,2017,683077
female,hispanic,15-19,2018,680396
female,hispanic,15-19,2019,672534
female,hispanic,15-19,2020,677523
female,hispanic,20-24,1999,474135.0678509157
female,hispanic,20-24,2000,474829
female,hispanic,20-24,2001,492983.380383585
female,hispanic,20-24,2002,499489.898192462
female,hispanic,20-24,2003,509498.909223646
female,hispanic,20-24,2004,520008.947062204
female,hispanic,20-24,2005,528702.310548421
female,hispanic,20-24,2006,537304.1897159329
female,hispanic,20-24,2007,543965.2977671621
female,hispanic,20-24,2008,549926.476836567
female,hispanic,20-24,2009,553584.3405967819
female,hispanic,20-24,2010,565136
female,hispanic,20-24,2011,584808
female,hispanic,20-24,2012,602657
female,hispanic,20-24,2013,621706
female,hispanic,20-24,2014,641468
female,hispanic,20-24,2015,658351
female,hispanic,20-24,2016,669739
female,hispanic,20-24,2017,674364
female,hispanic,20-24,2018,670022
female,hispanic,20-24,2019,655204
female,hispanic,20-24,2020,644802
female,hispanic,25-29,1999,482439.28525378776
female,hispanic,25-29,2000,491102
female,hispanic,25-29,2001,510897.99249854597
female,hispanic,25-29,2002,512803.97547266795
female,hispanic,25-29,2003,516595.31305311696
female,hispanic,25-29,2004,518690.0941496029
female,hispanic,25-29,2005,520043.1213565341
female,hispanic,25-29,2006,522813.006111539
female,hispanic,25-29,2007,529606.6973159129
female,hispanic,25-29,2008,538758.6507075591
female,hispanic,25-29,2009,549321.0247245571
female,hispanic,25-29,2010,558799
female,hispanic,25-29,2011,558775
female,hispanic,25-29,2012,560093
female,hispanic,25-29,2013,560947
female,hispanic,25-29,2014,564148
female,hispanic,25-29,2015,570467
female,hispanic,25-29,2016,580695
female,hispanic,25-29,2017,596122
female,hispanic,25-29,2018,614287
female,hispanic,25-29,2019,630810
female,hispanic,25-29,2020,648126
female,hispanic,30-34,1999,443824.81179065694
female,hispanic,30-34,2000,453985
female,hispanic,30-34,2001,479494.049601616
female,hispanic,30-34,2002,490565.25473744003
female,hispanic,30-34,2003,502083.840018567
female,hispanic,30-34,2004,511112.442653888
female,hispanic,30-34,2005,516714.220734683
female,hispanic,30-34,2006,520550.210991685
female,hispanic,30-34,2007,523845.972286628
female,hispanic,30-34,2008,527464.122955257
female,hispanic,30-34,2009,530158.055146826
female,hispanic,30-34,2010,533222
female,hispanic,30-34,2011,541148
female,hispanic,30-34,2012,547360
female,hispanic,30-34,2013,552888
female,hispanic,30-34,2014,557993
female,hispanic,30-34,2015,561089
female,hispanic,30-34,2016,561669
female,hispanic,30-34,2017,561041
female,hispanic,30-34,2018,560805
female,hispanic,30-34,2019,563847
female,hispanic,30-34,2020,568219
female,hispanic,35-39,1999,386993.79959732445
female,hispanic,35-39,2000,406733
female,hispanic,35-39,2001,428832.039337487
female,hispanic,35-39,2002,439316.911009982
female,hispanic,35-39,2003,450123.864281381
female,hispanic,35-39,2004,459701.49357641104
female,hispanic,35-39,2005,467132.297091119
female,hispanic,35-39,2006,476255.691004299
female,hispanic,35-39,2007,488250.28492782207
female,hispanic,35-39,2008,500668.57008301595
female,hispanic,35-39,2009,515714.68894345796
female,hispanic,35-39,2010,521124
female,hispanic,35-39,2011,526089
female,hispanic,35-39,2012,530326
female,hispanic,35-39,2013,533735
female,hispanic,35-39,2014,537354
female,hispanic,35-39,2015,540675
female,hispanic,35-39,2016,543965
female,hispanic,35-39,2017,548090
female,hispanic,35-39,2018,551602
female,hispanic,35-39,2019,552069
female,hispanic,35-39,2020,543346
female,hispanic,40-44,1999,315396.66987509275
female,hispanic,40-44,2000,331696
female,hispanic,40-44,2001,354920.50125469
female,hispanic,40-44,2002,370097.049209228
female,hispanic,40-44,2003,385013.754598613
female,hispanic,40-44,2004,399030.014991852
female,hispanic,40-44,2005,412148.011150484
female,hispanic,40-44,2006,424068.96906529204
female,hispanic,40-44,2007,433872.25016641803
female,hispanic,40-44,2008,442837.71497593
female,hispanic,40-44,2009,458329.244864131
female,hispanic,40-44,2010,463893
female,hispanic,40-44,2011,479705
female,hispanic,40-44,2012,491382
female,hispanic,40-44,2013,500757
female,hispanic,40-44,2014,509028
female,hispanic,40-44,2015,515258
female,hispanic,40-44,2016,518946
female,hispanic,40-44,2017,521043
female,hispanic,40-44,2018,521188
female,hispanic,40-44,2019,517524
female,hispanic,40-44,2020,492294
female,hispanic,45-49,1999,237854.43749068186
female,hispanic,45-49,2000,253575
female,hispanic,45-49,2001,273837.995571854
female,hispanic,45-49,2002,289627.730573854
female,hispanic,45-49,2003,306599.058835898
female,hispanic,45-49,2004,322871.302306959
female,hispanic,45-49,2005,337149.23798422096
female,hispanic,45-49,2006,350813.80370411195
female,hispanic,45-49,2007,364786.23830034607
female,hispanic,45-49,2008,377748.491392287
female,hispanic,45-49,2009,399393.55836637
female,hispanic,45-49,2010,409528
female,hispanic,45-49,2011,420515
female,hispanic,45-49,2012,428825
female,hispanic,45-49,2013,435289
female,hispanic,45-49,2014,442121
female,hispanic,45-49,2015,450078
female,hispanic,45-49,2016,459155
female,hispanic,45-49,2017,469810
female,hispanic,45-49,2018,479108
female,hispanic,45-49,2019,483009
female,hispanic,45-49,2020,454629
female,hispanic,50-54,1999,172615.91660848155
female,hispanic,50-54,2000,185555
female,hispanic,50-54,2001,205139.588987562
female,hispanic,50-54,2002,217969.86809916998
female,hispanic,50-54,2003,230475.252507915
female,hispanic,50-54,2004,242585.89848616603
female,hispanic,50-54,2005,254902.186338243
female,hispanic,50-54,2006,268222.47954276396
female,hispanic,50-54,2007,283055.31348811195
female,hispanic,50-54,2008,298520.821158318
female,hispanic,50-54,2009,325955.83929991
female,hispanic,50-54,2010,335097
female,hispanic,50-54,2011,349820
female,hispanic,50-54,2012,360537
female,hispanic,50-54,2013,368872
female,hispanic,50-54,2014,376917
female,hispanic,50-54,2015,385088
female,hispanic,50-54,2016,393019
female,hispanic,50-54,2017,401572
female,hispanic,50-54,2018,410485
female,hispanic,50-54,2019,418865
female,hispanic,50-54,2020,401081
female,hispanic,55-59,1999,126096.62835602609
female,hispanic,55-59,2000,134365
female,hispanic,55-59,2001,145079.225821251
female,hispanic,55-59,2002,154120.902314814
female,hispanic,55-59,2003,164701.46444564
female,hispanic,55-59,2004,175529.27348249897
female,hispanic,55-59,2005,186277.671560556
female,hispanic,55-59,2006,197962.09636678998
female,hispanic,55-59,2007,209637.96698422902
female,hispanic,55-59,2008,221391.37853346998
female,hispanic,55-59,2009,241977.892219058
female,hispanic,55-59,2010,251685
female,hispanic,55-59,2011,268516
female,hispanic,55-59,2012,281088
female,hispanic,55-59,2013,292038
female,hispanic,55-59,2014,302537
female,hispanic,55-59,2015,312784
female,hispanic,55-59,2016,322832
female,hispanic,55-59,2017,334167
female,hispanic,55-59,2018,346344
female,hispanic,55-59,2019,358637
female,hispanic,55-59,2020,351960
female,hispanic,60-64,1999,100975.0581147371
female,hispanic,60-64,2000,106125
female,hispanic,60-64,2001,112240.07279119399
female,hispanic,60-64,2002,116416.38114913699
female,hispanic,60-64,2003,121699.117350278
female,hispanic,60-64,2004,127843.904179142
female,hispanic,60-64,2005,134477.15546867898
female,hispanic,60-64,2006,141226.741999441
female,hispanic,60-64,2007,148983.800976859
female,hispanic,60-64,2008,157272.032886034
female,hispanic,60-64,2009,175702.712164329
female,hispanic,60-64,2010,183637
female,hispanic,60-64,2011,196050
female,hispanic,60-64,2012,205603
female,hispanic,60-64,2013,213513
female,hispanic,60-64,2014,221586
female,hispanic,60-64,2015,230945
female,hispanic,60-64,2016,241773
female,hispanic,60-64,2017,254788
female,hispanic,60-64,2018,269130
female,hispanic,60-64,2019,283244
female,hispanic,60-64,2020,279653
female,hispanic,65-69,1999,85327.32240940386
female,hispanic,65-69,2000,88191
female,hispanic,65-69,2001,91903.45758079199
female,hispanic,65-69,2002,94434.16972646401
female,hispanic,65-69,2003,97640.70678310099
female,hispanic,65-69,2004,101118.656642809
female,hispanic,65-69,2005,104664.072741928
female,hispanic,65-69,2006,108289.14391558
female,hispanic,65-69,2007,112073.894257806
female,hispanic,65-69,2008,116357.920345002
female,hispanic,65-69,2009,126523.96863817799
female,hispanic,65-69,2010,131165
female,hispanic,65-69,2011,138221
female,hispanic,65-69,2012,144211
female,hispanic,65-69,2013,149632
female,hispanic,65-69,2014,155778
female,hispanic,65-69,2015,162973
female,hispanic,65-69,2016,171085
female,hispanic,65-69,2017,180873
female,hispanic,65-69,2018,192047
female,hispanic,65-69,2019,204417
female,hispanic,65-69,2020,202070
female,hispanic,70-74,1999,66437.24254330125
female,hispanic,70-74,2000,70948
female,hispanic,70-74,2001,76188.83847086
female,hispanic,70-74,2002,78832.321522009
female,hispanic,70-74,2003,81075.15170708
female,hispanic,70-74,2004,82904.888489653
female,hispanic,70-74,2005,84481.04809649399
female,hispanic,70-74,2006,86192.22081617001
female,hispanic,70-74,2007,88214.10046563
female,hispanic,70-74,2008,90806.795133535
female,hispanic,70-74,2009,96591.97806458501
female,hispanic,70-74,2010,99309
female,hispanic,70-74,2011,102264
female,hispanic,70-74,2012,104760
female,hispanic,70-74,2013,106597
female,hispanic,70-74,2014,109037
female,hispanic,70-74,2015,112471
female,hispanic,70-74,2016,116883
female,hispanic,70-74,2017,123113
female,hispanic,70-74,2018,131615
female,hispanic,70-74,2019,142189
female,hispanic,70-74,2020,140113
female,hispanic,75-79,1999,42712.745119862375
female,hispanic,75-79,2000,47612
female,hispanic,75-79,2001,52142.667523914
female,hispanic,75-79,2002,55136.038854575
female,hispanic,75-79,2003,58080.310547315006
female,hispanic,75-79,2004,61102.126248891
female,hispanic,75-79,2005,63798.31028382199
female,hispanic,75-79,2006,66671.259143932
female,hispanic,75-79,2007,69381.05817956
female,hispanic,75-79,2008,71852.311436362
female,hispanic,75-79,2009,75070.325826547
female,hispanic,75-79,2010,76280
female,hispanic,75-79,2011,77534
female,hispanic,75-79,2012,78612
female,hispanic,75-79,2013,79241
female,hispanic,75-79,2014,80233
female,hispanic,75-79,2015,81646
female,hispanic,75-79,2016,83402
female,hispanic,75-79,2017,86127
female,hispanic,75-79,2018,90213
female,hispanic,75-79,2019,96194
female,hispanic,75-79,2020,93326
female,hispanic,80-84,1999,24099.741069317068
female,hispanic,80-84,2000,25810
female,hispanic,80-84,2001,28650.557238123998
female,hispanic,80-84,2002,31129.961693004
female,hispanic,80-84,2003,33704.945131599
female,hispanic,80-84,2004,36052.56060461
female,hispanic,80-84,2005,38507.622035830005
female,hispanic,80-84,2006,40888.32029803
female,hispanic,80-84,2007,43487.412209389
female,hispanic,80-84,2008,46087.929056532004
female,hispanic,80-84,2009,51052.065533757
female,hispanic,80-84,2010,52822
female,hispanic,80-84,2011,55548
female,hispanic,80-84,2012,57160
female,hispanic,80-84,2013,57894
female,hispanic,80-84,2014,58218
female,hispanic,80-84,2015,58485
female,hispanic,80-84,2016,58951
female,hispanic,80-84,2017,60141
female,hispanic,80-84,2018,62276
female,hispanic,80-84,2019,65311
female,hispanic,80-84,2020,62787
female,hispanic,85-89,1999,13396.702316653378
female,hispanic,85-89,2000,14320
female,hispanic,85-89,2001,15079.583504728998
female,hispanic,85-89,2002,15611.261068306001
female,hispanic,85-89,2003,16211.582941108001
female,hispanic,85-89,2004,16928.781327459
female,hispanic,85-89,2005,17615.983806035
female,hispanic,85-89,2006,18820.76804778
female,hispanic,85-89,2007,20404.501713332003
female,hispanic,85-89,2008,22043.35657648
female,hispanic,85-89,2009,25861.657798084
female,hispanic,85-89,2010,27304
female,hispanic,85-89,2011,29508
female,hispanic,85-89,2012,30947
female,hispanic,85-89,2013,32100
female,hispanic,85-89,2014,33223
female,hispanic,85-89,2015,34470
female,hispanic,85-89,2016,35801
female,hispanic,85-89,2017,37348
female,hispanic,85-89,2018,38890
female,hispanic,85-89,2019,40167
female,hispanic,85-89,2020,40096
female,hispanic,90+,1999,6659.02841640027
female,hispanic,90+,2000,7375
female,hispanic,90+,2001,6853.489510923
female,hispanic,90+,2002,7436.555938563999
female,hispanic,90+,2003,7971.7444302409995
female,hispanic,90+,2004,8501.177440131998
female,hispanic,90+,2005,9008.299624524
female,hispanic,90+,2006,9512.850160561
female,hispanic,90+,2007,9879.333206044
female,hispanic,90+,2008,10353.359421636
female,hispanic,90+,2009,11891.028309676
female,hispanic,90+,2010,12260
female,hispanic,90+,2011,13874
female,hispanic,90+,2012,15189
female,hispanic,90+,2013,16478
female,hispanic,90+,2014,17759
female,hispanic,90+,2015,19126
female,hispanic,90+,2016,20317
female,hispanic,90+,2017,21577
female,hispanic,90+,2018,22823
female,hispanic,90+,2019,24104
female,hispanic,90+,2020,24003
female,white,0-4,1999,497911.0027443515
female,white,0-4,2000,477442
female,white,0-4,2001,458183.757037468
female,white,0-4,2002,449787.168620799
female,white,0-4,2003,444847.24720917596
female,white,0-4,2004,439792.66927552805
female,white,0-4,2005,432054.406286783
female,white,0-4,2006,424122.155036452
female,white,0-4,2007,416482.88386852003
female,white,0-4,2008,409804.96274400403
female,white,0-4,2009,395066.888969861
female,white,0-4,2010,382620
female,white,0-4,2011,384209
female,white,0-4,2012,386867
female,white,0-4,2013,388784
female,white,0-4,2014,392122
female,white,0-4,2015,396855
female,white,0-4,2016,400549
female,white,0-4,2017,400003
female,white,0-4,2018,390893
female,white,0-4,2019,368893
female,white,0-4,2020,333144
female,white,5-9,1999,480523.1550818851
female,white,5-9,2000,468266
female,white,5-9,2001,443557.658307223
female,white,5-9,2002,430329.07432203303
female,white,5-9,2003,417635.62383617903
female,white,5-9,2004,406137.354174877
female,white,5-9,2005,394162.820062975
female,white,5-9,2006,383481.95558702806
female,white,5-9,2007,374597.728674744
female,white,5-9,2008,366150.33369165304
female,white,5-9,2009,350154.397804537
female,white,5-9,2010,335591
female,white,5-9,2011,324194
female,white,5-9,2012,314357
female,white,5-9,2013,302698
female,white,5-9,2014,291326
female,white,5-9,2015,281773
female,white,5-9,2016,275570
female,white,5-9,2017,276217
female,white,5-9,2018,282119
female,white,5-9,2019,286611
female,white,5-9,2020,287192
female,white,10-14,1999,468085.94334104034
female,white,10-14,2000,470431
female,white,10-14,2001,469280.128676254
female,white,10-14,2002,468895.56425119995
female,white,10-14,2003,463418.756926403
female,white,10-14,2004,453690.332774828
female,white,10-14,2005,441152.458131463
female,white,10-14,2006,429215.064777845
female,white,10-14,2007,418308.6809897211
female,white,10-14,2008,407574.868039811
female,white,10-14,2009,383536.223976694
female,white,10-14,2010,368253
female,white,10-14,2011,355805
female,white,10-14,2012,344940
female,white,10-14,2013,332420
female,white,10-14,2014,319416
female,white,10-14,2015,306814
female,white,10-14,2016,295606
female,white,10-14,2017,288160
female,white,10-14,2018,286682
female,white,10-14,2019,292708
female,white,10-14,2020,309414
female,white,15-19,1999,436783.85900684434
female,white,15-19,2000,443923
female,white,15-19,2001,442097.712231012
female,white,15-19,2002,448162.120490116
female,white,15-19,2003,456696.77340707305
female,white,15-19,2004,461351.15711737896
female,white,15-19,2005,460898.375608309
female,white,15-19,2006,457925.84019725904
female,white,15-19,2007,451612.56220830104
female,white,15-19,2008,443315.851786454
female,white,15-19,2009,426591.51633839495
female,white,15-19,2010,422553
female,white,15-19,2011,407974
female,white,15-19,2012,395802
female,white,15-19,2013,382997
female,white,15-19,2014,370763
female,white,15-19,2015,359432
female,white,15-19,2016,348761
female,white,15-19,2017,339444
female,white,15-19,2018,331634
female,white,15-19,2019,326380
female,white,15-19,2020,323949
female,white,20-24,1999,423761.2612073675
female,white,20-24,2000,418273
female,white,20-24,2001,414507.075289493
female,white,20-24,2002,424527.702644028
female,white,20-24,2003,435177.417090041
female,white,20-24,2004,446535.289469742
female,white,20-24,2005,455415.46152478096
female,white,20-24,2006,464100.6191110719
female,white,20-24,2007,469845.640122051
female,white,20-24,2008,471935.01295363496
female,white,20-24,2009,459193.055356635
female,white,20-24,2010,450192
female,white,20-24,2011,443506
female,white,20-24,2012,437072
female,white,20-24,2013,429297
female,white,20-24,2014,420686
female,white,20-24,2015,410654
female,white,20-24,2016,399352
female,white,20-24,2017,387858
female,white,20-24,2018,376316
female,white,20-24,2019,364159
female,white,20-24,2020,352070
female,white,25-29,1999,522942.2269448985
female,white,25-29,2000,497450
female,white,25-29,2001,467139.680998844
female,white,25-29,2002,446058.494253823
female,white,25-29,2003,434114.680229867
female,white,25-29,2004,428684.63933971804
female,white,25-29,2005,427351.400706967
female,white,25-29,2006,429866.494083793
female,white,25-29,2007,437398.434179012
female,white,25-29,2008,447347.82983503107
female,white,25-29,2009,461126.77352102404
female,white,25-29,2010,462306
female,white,25-29,2011,464600
female,white,25-29,2012,463969
female,white,25-29,2013,461062
female,white,25-29,2014,456667
female,white,25-29,2015,450643
female,white,25-29,2016,443929
female,white,25-29,2017,438528
female,white,25-29,2018,435698
female,white,25-29,2019,438345
female,white,25-29,2020,442019
female,white,30-34,1999,589246.7515909635
female,white,30-34,2000,564468
female,white,30-34,2001,552480.794405396
female,white,30-34,2002,544194.703516679
female,white,30-34,2003,530156.124690228
female,white,30-34,2004,510597.53665044205
female,white,30-34,2005,486596.26840617205
female,white,30-34,2006,460868.53127162496
female,white,30-34,2007,439337.26662952197
female,white,30-34,2008,423892.79878879595
female,white,30-34,2009,417005.482003947
female,white,30-34,2010,414869
female,white,30-34,2011,431915
female,white,30-34,2012,446431
female,white,30-34,2013,461064
female,white,30-34,2014,474566
female,white,30-34,2015,484040
female,white,30-34,2016,488124
female,white,30-34,2017,486742
female,white,30-34,2018,480830
female,white,30-34,2019,474049
female,white,30-34,2020,460564
female,white,35-39,1999,688081.6031763516
female,white,35-39,2000,678695
female,white,35-39,2001,651224.627984547
female,white,35-39,2002,626471.228452947
female,white,35-39,2003,599773.260675956
female,white,35-39,2004,574193.543173629
female,white,35-39,2005,549856.7342754011
female,white,35-39,2006,532722.057138665
female,white,35-39,2007,522803.403097555
female,white,35-39,2008,513969.450532939
female,white,35-39,2009,479741.389941908
female,white,35-39,2010,456287
female,white,35-39,2011,435305
female,white,35-39,2012,424486
female,white,35-39,2013,418788
female,white,35-39,2014,420059
female,white,35-39,2015,427315
female,white,35-39,2016,437943
female,white,35-39,2017,449721
female,white,35-39,2018,457892
female,white,35-39,2019,456412
female,white,35-39,2020,436208
female,white,40-44,1999,686951.7019836067
female,white,40-44,2000,684730
female,white,40-44,2001,680832.957695913
female,white,40-44,2002,682078.555198415
female,white,40-44,2003,678161.602437033
female,white,40-44,2004,669778.004912548
female,white,40-44,2005,657310.387029707
female,white,40-44,2006,639649.0854683879
female,white,40-44,2007,615871.216589589
female,white,40-44,2008,587905.171401177
female,white,40-44,2009,534392.588325172
female,white,40-44,2010,511048
female,white,40-44,2011,500561
female,white,40-44,2012,490252
female,white,40-44,2013,477203
female,white,40-44,2014,461723
female,white,40-44,2015,443477
female,white,40-44,2016,425180
female,white,40-44,2017,410821
female,white,40-44,2018,402224
female,white,40-44,2019,398104
female,white,40-44,2020,388068
female,white,45-49,1999,637688.6066120382
female,white,45-49,2000,643737
female,white,45-49,2001,645695.617100499
female,white,45-49,2002,654414.356624404
female,white,45-49,2003,662135.394639973
female,white,45-49,2004,667110.134216193
female,white,45-49,2005,666666.5046461029
female,white,45-49,2006,664722.695388976
female,white,45-49,2007,663016.1081733251
female,white,45-49,2008,658497.8969416141
female,white,45-49,2009,634578.8054805349
female,white,45-49,2010,618820
female,white,45-49,2011,591330
female,white,45-49,2012,568207
female,white,45-49,2013,543473
female,white,45-49,2014,519995
female,white,45-49,2015,500140
female,white,45-49,2016,484859
female,white,45-49,2017,473611
female,white,45-49,2018,461640
female,white,45-49,2019,444903
female,white,45-49,2020,421785
female,white,50-54,1999,557989.4989417609
female,white,50-54,2000,579021
female,white,50-54,2001,600288.145564658
female,white,50-54,2002,615552.340376101
female,white,50-54,2003,616978.689089146
female,white,50-54,2004,617411.7093235899
female,white,50-54,2005,620143.614904177
female,white,50-54,2006,625259.197756635
female,white,50-54,2007,632015.999071317
female,white,50-54,2008,638683.769621145
female,white,50-54,2009,641230.834188464
female,white,50-54,2010,632616
female,white,50-54,2011,630227
female,white,50-54,2012,624568
female,white,50-54,2013,614904
female,white,50-54,2014,602336
female,white,50-54,2015,586798
female,white,50-54,2016,567642
female,white,50-54,2017,545429
female,white,50-54,2018,521464
female,white,50-54,2019,496232
female,white,50-54,2020,469711
female,white,55-59,1999,423675.24567818176
female,white,55-59,2000,442934
female,white,55-59,2001,456933.51992906403
female,white,55-59,2002,475788.974408019
female,white,55-59,2003,504630.59272250405
female,white,55-59,2004,529009.665770425
female,white,55-59,2005,547314.998589209
female,white,55-59,2006,564974.14859249
female,white,55-59,2007,581027.7145152431
female,white,55-59,2008,590477.485677096
female,white,55-59,2009,586879.386266411
female,white,55-59,2010,586573
female,white,55-59,2011,595167
female,white,55-59,2012,599775
female,white,55-59,2013,601170
female,white,55-59,2014,600602
female,white,55-59,2015,597892
female,white,55-59,2016,593778
female,white,55-59,2017,589279
female,white,55-59,2018,581660
female,white,55-59,2019,567053
female,white,55-59,2020,548586
female,white,60-64,1999,347380.8498723079
female,white,60-64,2000,356189
female,white,60-64,2001,357421.109885202
female,white,60-64,2002,365643.301668032
female,white,60-64,2003,378306.431945084
female,white,60-64,2004,395042.353121994
female,white,60-64,2005,410746.79967405094
female,white,60-64,2006,424832.251009723
female,white,60-64,2007,440064.989303718
female,white,60-64,2008,459519.107122746
female,white,60-64,2009,505752.59755402803
female,white,60-64,2010,515417
female,white,60-64,2011,531967
female,white,60-64,2012,539781
female,white,60-64,2013,540552
female,white,60-64,2014,538753
female,white,60-64,2015,538465
female,white,60-64,2016,541057
female,white,60-64,2017,546138
female,white,60-64,2018,550458
female,white,60-64,2019,548488
female,white,60-64,2020,542045
female,white,65-69,1999,333337.3989729183
female,white,65-69,2000,329476
female,white,65-69,2001,320928.47538269596
female,white,65-69,2002,319079.812452938
female,white,65-69,2003,320102.322658013
female,white,65-69,2004,323451.848309751
female,white,65-69,2005,327677.96646882396
female,white,65-69,2006,332168.94733513694
female,white,65-69,2007,337487.87700810796
female,white,65-69,2008,345505.549800488
female,white,65-69,2009,372732.100631293
female,white,65-69,2010,380955
female,white,65-69,2011,397562
female,white,65-69,2012,411606
female,white,65-69,2013,425627
female,white,65-69,2014,440082
female,white,65-69,2015,452666
female,white,65-69,2016,463137
female,white,65-69,2017,473707
female,white,65-69,2018,481864
female,white,65-69,2019,485444
female,white,65-69,2020,487792
female,white,70-74,1999,347580.2429952096
female,white,70-74,2000,341754
female,white,70-74,2001,327496.124661071
female,white,70-74,2002,319382.06208954804
female,white,70-74,2003,311745.373808022
female,white,70-74,2004,305138.951618633
female,white,70-74,2005,299117.211671112
female,white,70-74,2006,294308.79954613803
female,white,70-74,2007,291295.30268917803
female,white,70-74,2008,289931.424307781
female,white,70-74,2009,292817.550252839
female,white,70-74,2010,293903
female,white,70-74,2011,297131
female,white,70-74,2012,301002
female,white,70-74,2013,304712
female,white,70-74,2014,310802
female,white,70-74,2015,319476
female,white,70-74,2016,330199
female,white,70-74,2017,345627
female,white,70-74,2018,367412
female,white,70-74,2019,392086
female,white,70-74,2020,413713
female,white,75-79,1999,301934.64090309065
female,white,75-79,2000,316327
female,white,75-79,2001,317225.776064177
female,white,75-79,2002,314449.04401078896
female,white,75-79,2003,308727.117138313
female,white,75-79,2004,302330.843271231
female,white,75-79,2005,293954.820060228
female,white,75-79,2006,285212.458933866
female,white,75-79,2007,278145.631546326
female,white,75-79,2008,272032.677367307
female,white,75-79,2009,259359.64965493104
female,white,75-79,2010,252185
female,white,75-79,2011,246115
female,white,75-79,2012,241680
female,white,75-79,2013,236937
female,white,75-79,2014,233735
female,white,75-79,2015,232783
female,white,75-79,2016,233977
female,white,75-79,2017,239114
female,white,75-79,2018,249597
female,white,75-79,2019,266224
female,white,75-79,2020,285643
female,white,80-84,1999,209699.50606171734
female,white,80-84,2000,216177
female,white,80-84,2001,220721.87192762902
female,white,80-84,2002,226983.46585627398
female,white,80-84,2003,233775.64544531
female,white,80-84,2004,238550.43625543598
female,white,80-84,2005,241678.451548451
female,white,80-84,2006,244002.407913748
female,white,80-84,2007,243736.115538124
female,white,80-84,2008,241346.750168221
female,white,80-84,2009,232548.900424794
female,white,80-84,2010,225076
female,white,80-84,2011,216261
female,white,80-84,2012,209043
female,white,80-84,2013,200698
female,white,80-84,2014,192454
female,white,80-84,2015,185157
female,white,80-84,2016,179537
female,white,80-84,2017,176800
female,white,80-84,2018,177606
female,white,80-84,2019,182199
female,white,80-84,2020,192797
female,white,85-89,1999,124633.37530354185
female,white,85-89,2000,128040
female,white,85-89,2001,130524.916374897
female,white,85-89,2002,132553.736235298
female,white,85-89,2003,133792.322337013
female,white,85-89,2004,134577.06261032
female,white,85-89,2005,135738.02544633902
female,white,85-89,2006,137355.71701072
female,white,85-89,2007,140773.501023124
female,white,85-89,2008,145912.999347043
female,white,85-89,2009,154479.61289596302
female,white,85-89,2010,156968
female,white,85-89,2011,155989
female,white,85-89,2012,152992
female,white,85-89,2013,148642
female,white,85-89,2014,143502
female,white,85-89,2015,137971
female,white,85-89,2016,132644
female,white,85-89,2017,128621
female,white,85-89,2018,125707
female,white,85-89,2019,123446
female,white,85-89,2020,132798
female,white,90+,1999,61910.87557312179
female,white,90+,2000,66705
female,white,90+,2001,63266.508855386004
female,white,90+,2002,66732.088805521
female,white,90+,2003,70005.74497134601
female,white,90+,2004,72573.35071676101
female,white,90+,2005,74660.81890505798
female,white,90+,2006,76648.76183995
female,white,90+,2007,77447.98737448001
female,white,90+,2008,77793.817455521
female,white,90+,2009,79036.90260516599
female,white,90+,2010,80023
female,white,90+,2011,82623
female,white,90+,2012,83407
female,white,90+,2013,84103
female,white,90+,2014,84914
female,white,90+,2015,85809
female,white,90+,2016,86415
female,white,90+,2017,87257
female,white,90+,2018,88135
female,white,90+,2019,88913
female,white,90+,2020,97770
male,black,0-4,1999,121620.54783249176
male,black,0-4,2000,102308
male,black,0-4,2001,97370.754768369
male,black,0-4,2002,93637.457401828
male,black,0-4,2003,90805.37934811
male,black,0-4,2004,88354.908962873
male,black,0-4,2005,85865.50840689
male,black,0-4,2006,84166.40214339801
male,black,0-4,2007,83087.868294811
male,black,0-4,2008,82745.77977116901
male,black,0-4,2009,81019.306245647
male,black,0-4,2010,80217
male,black,0-4,2011,80424
male,black,0-4,2012,80754
male,black,0-4,2013,80563
male,black,0-4,2014,80313
male,black,0-4,2015,80356
male,black,0-4,2016,80084
male,black,0-4,2017,79145
male,black,0-4,2018,76877
male,black,0-4,2019,72692
male,black,0-4,2020,66272
male,black,5-9,1999,115731.64213880092
male,black,5-9,2000,103610
male,black,5-9,2001,100426.846722548
male,black,5-9,2002,97358.315357846
male,black,5-9,2003,94139.30448765101
male,black,5-9,2004,90460.026485951
male,black,5-9,2005,86403.634838738
male,black,5-9,2006,82640.55952820001
male,black,5-9,2007,79355.787237311
male,black,5-9,2008,76912.529459181
male,black,5-9,2009,72547.460481795
male,black,5-9,2010,70803
male,black,5-9,2011,68122
male,black,5-9,2012,66229
male,black,5-9,2013,64271
male,black,5-9,2014,62563
male,black,5-9,2015,61215
male,black,5-9,2016,60272
male,black,5-9,2017,60196
male,black,5-9,2018,60754
male,black,5-9,2019,61077
male,black,5-9,2020,60336
male,black,10-14,1999,102064.54391539353
male,black,10-14,2000,96926
male,black,10-14,2001,99061.857326055
male,black,10-14,2002,100357.39465384299
male,black,10-14,2003,100884.565325737
male,black,10-14,2004,100410.918847477
male,black,10-14,2005,99026.53043125299
male,black,10-14,2006,97365.158365048
male,black,10-14,2007,95040.366815344
male,black,10-14,2008,92344.274852747
male,black,10-14,2009,84835.660079992
male,black,10-14,2010,81830
male,black,10-14,2011,78172
male,black,10-14,2012,75394
male,black,10-14,2013,72510
male,black,10-14,2014,69762
male,black,10-14,2015,66920
male,black,10-14,2016,64302
male,black,10-14,2017,62507
male,black,10-14,2018,61877
male,black,10-14,2019,62453
male,black,10-14,2020,63894
male,black,15-19,1999,90373.78195595455
male,black,15-19,2000,86675
male,black,15-19,2001,86852.08560001501
male,black,15-19,2002,87890.02254719
male,black,15-19,2003,89241.55995464198
male,black,15-19,2004,90500.710494644
male,black,15-19,2005,91893.215139844
male,black,15-19,2006,93584.277682391
male,black,15-19,2007,95138.97838074999
male,black,15-19,2008,96468.190054031
male,black,15-19,2009,97898.974486914
male,black,15-19,2010,96917
male,black,15-19,2011,93741
male,black,15-19,2012,90630
male,black,15-19,2013,87011
male,black,15-19,2014,83358
male,black,15-19,2015,79832
male,black,15-19,2016,76705
male,black,15-19,2017,73748
male,black,15-19,2018,71187
male,black,15-19,2019,68911
male,black,15-19,2020,66238
male,black,20-24,1999,77548.07090323506
male,black,20-24,2000,75500
male,black,20-24,2001,77139.939997205
male,black,20-24,2002,79710.41682279
male,black,20-24,2003,81736.67842989901
male,black,20-24,2004,83239.891871526
male,black,20-24,2005,83732.75840382699
male,black,20-24,2006,84088.29504410601
male,black,20-24,2007,84223.47835896
male,black,20-24,2008,84701.664005007
male,black,20-24,2009,86264.947417936
male,black,20-24,2010,86323
male,black,20-24,2011,89763
male,black,20-24,2012,92010
male,black,20-24,2013,93223
male,black,20-24,2014,93568
male,black,20-24,2015,92888
male,black,20-24,2016,90849
male,black,20-24,2017,87843
male,black,20-24,2018,84377
male,black,20-24,2019,80630
male,black,20-24,2020,78255
male,black,25-29,1999,87222.46265925677
male,black,25-29,2000,81292
male,black,25-29,2001,76032.31776272501
male,black,25-29,2002,73812.09321004
male,black,25-29,2003,72991.917450049
male,black,25-29,2004,73003.71336269201
male,black,25-29,2005,73609.025689681
male,black,25-29,2006,74815.551075247
male,black,25-29,2007,76402.162783019
male,black,25-29,2008,77658.860264962
male,black,25-29,2009,78869.566332271
male,black,25-29,2010,78330
male,black,25-29,2011,79272
male,black,25-29,2012,80826
male,black,25-29,2013,82536
male,black,25-29,2014,84762
male,black,25-29,2015,87098
male,black,25-29,2016,89750
male,black,25-29,2017,91990
male,black,25-29,2018,94172
male,black,25-29,2019,96813
male,black,25-29,2020,98158
male,black,30-34,1999,94764.02337002053
male,black,30-34,2000,89768
male,black,30-34,2001,87403.63417974999
male,black,30-34,2002,86054.01301624799
male,black,30-34,2003,84404.821979333
male,black,30-34,2004,82343.20092519201
male,black,30-34,2005,79412.301950024
male,black,30-34,2006,76168.155209898
male,black,30-34,2007,73305.883178406
male,black,30-34,2008,71295.454152505
male,black,30-34,2009,70597.099995986
male,black,30-34,2010,70439
male,black,30-34,2011,73560
male,black,30-34,2012,75941
male,black,30-34,2013,78289
male,black,30-34,2014,80455
male,black,30-34,2015,82029
male,black,30-34,2016,83234
male,black,30-34,2017,84458
male,black,30-34,2018,85895
male,black,30-34,2019,88331
male,black,30-34,2020,87426
male,black,35-39,1999,99892.37530397793
male,black,35-39,2000,98504
male,black,35-39,2001,96874.353103432
male,black,35-39,2002,95161.190648936
male,black,35-39,2003,92852.98414238301
male,black,35-39,2004,90077.71415262998
male,black,35-39,2005,87208.344838657
male,black,35-39,2006,84963.21147587101
male,black,35-39,2007,83617.659409676
male,black,35-39,2008,82184.837454508
male,black,35-39,2009,77697.675603138
male,black,35-39,2010,74647
male,black,35-39,2011,72181
male,black,35-39,2012,71201
male,black,35-39,2013,71143
male,black,35-39,2014,72209
male,black,35-39,2015,73937
male,black,35-39,2016,75819
male,black,35-39,2017,77670
male,black,35-39,2018,78848
male,black,35-39,2019,78925
male,black,35-39,2020,76708
male,black,40-44,1999,86404.74032843095
male,black,40-44,2000,87736
male,black,40-44,2001,90736.136656319
male,black,40-44,2002,93121.745575287
male,black,40-44,2003,94701.273909536
male,black,40-44,2004,95172.90303571701
male,black,40-44,2005,94758.06310354
male,black,40-44,2006,93717.656686631
male,black,40-44,2007,91895.87577327702
male,black,40-44,2008,89339.21928627099
male,black,40-44,2009,83677.570726409
male,black,40-44,2010,80714
male,black,40-44,2011,79908
male,black,40-44,2012,78938
male,black,40-44,2013,77715
male,black,40-44,2014,76242
male,black,40-44,2015,74422
male,black,40-44,2016,72489
male,black,40-44,2017,70912
male,black,40-44,2018,69925
male,black,40-44,2019,69433
male,black,40-44,2020,67340
male,black,45-49,1999,68184.33174440303
male,black,45-49,2000,69832
male,black,45-49,2001,72246.93698344
male,black,45-49,2002,75325.95861327299
male,black,45-49,2003,78817.323143966
male,black,45-49,2004,82117.187026499
male,black,45-49,2005,84624.46709839698
male,black,45-49,2006,86964.731755629
male,black,45-49,2007,89004.810226748
male,black,45-49,2008,90217.882610445
male,black,45-49,2009,89794.99829767802
male,black,45-49,2010,88876
male,black,45-49,2011,87315
male,black,45-49,2012,85665
male,black,45-49,2013,83894
male,black,45-49,2014,81947
male,black,45-49,2015,80139
male,black,45-49,2016,78777
male,black,45-49,2017,77434
male,black,45-49,2018,75802
male,black,45-49,2019,73592
male,black,45-49,2020,70138
male,black,50-54,1999,49867.97662021627
male,black,50-54,2000,52341
male,black,50-54,2001,57232.759264010005
male,black,50-54,2002,60589.457810188
male,black,50-54,2003,62974.769621768006
male,black,50-54,2004,64655.863582518
male,black,50-54,2005,66545.430484283
male,black,50-54,2006,68689.95301009799
male,black,50-54,2007,71190.752244896
male,black,50-54,2008,73988.462004139
male,black,50-54,2009,79188.467284095
male,black,50-54,2010,80387
male,black,50-54,2011,83169
male,black,50-54,2012,84628
male,black,50-54,2013,85459
male,black,50-54,2014,85807
male,black,50-54,2015,85390
male,black,50-54,2016,84406
male,black,50-54,2017,82890
male,black,50-54,2018,80945
male,black,50-54,2019,78534
male,black,50-54,2020,73328
male,black,55-59,1999,38849.6672227887
male,black,55-59,2000,39807
male,black,55-59,2001,41052.777342746
male,black,55-59,2002,42070.383673339995
male,black,55-59,2003,43981.977296976
male,black,55-59,2004,46437.131140933
male,black,55-59,2005,48869.199712851
male,black,55-59,2006,51844.538923134
male,black,55-59,2007,55024.129526746
male,black,55-59,2008,57607.590536541
male,black,55-59,2009,60631.226165945
male,black,55-59,2010,62034
male,black,55-59,2011,65445
male,black,55-59,2012,67965
male,black,55-59,2013,70471
male,black,55-59,2014,73109
male,black,55-59,2015,75570
male,black,55-59,2016,77324
male,black,55-59,2017,79100
male,black,55-59,2018,80070
male,black,55-59,2019,79944
male,black,55-59,2020,75737
male,black,60-64,1999,32500.04724613326
male,black,60-64,2000,33516
male,black,60-64,2001,34076.121729572
male,black,60-64,2002,34381.159368761
male,black,60-64,2003,34758.143699894
male,black,60-64,2004,35241.144848685006
male,black,60-64,2005,35930.242256593
male,black,60-64,2006,36538.719028036
male,black,60-64,2007,37317.715212498995
male,black,60-64,2008,38530.168360042
male,black,60-64,2009,42561.685825088
male,black,60-64,2010,44259
male,black,60-64,2011,48057
male,black,60-64,2012,50151
male,black,60-64,2013,51741
male,black,60-64,2014,53332
male,black,60-64,2015,55114
male,black,60-64,2016,57185
male,black,60-64,2017,59700
male,black,60-64,2018,62112
male,black,60-64,2019,64187
male,black,60-64,2020,63100
male,black,65-69,1999,23599.772189362728
male,black,65-69,2000,24662
male,black,65-69,2001,25920.824581472
male,black,65-69,2002,26800.670632871
male,black,65-69,2003,27704.915641618005
male,black,65-69,2004,28452.883083948997
male,black,65-69,2005,28959.559039653002
male,black,65-69,2006,29323.949806679
male,black,65-69,2007,29559.56203053
male,black,65-69,2008,29804.032854841
male,black,65-69,2009,30556.690478415996
male,black,65-69,2010,30967
male,black,65-69,2011,31968
male,black,65-69,2012,32798
male,black,65-69,2013,33963
male,black,65-69,2014,35464
male,black,65-69,2015,37190
male,black,65-69,2016,39115
male,black,65-69,2017,41220
male,black,65-69,2018,42944
male,black,65-69,2019,44242
male,black,65-69,2020,44241
male,black,70-74,1999,17719.948283905556
male,black,70-74,2000,18104
male,black,70-74,2001,18318.118526146
male,black,70-74,2002,18603.999860632
male,black,70-74,2003,18893.039308058
male,black,70-74,2004,19398.434563227
male,black,70-74,2005,19989.022594403
male,black,70-74,2006,20720.248234663002
male,black,70-74,2007,21456.910632172003
male,black,70-74,2008,22151.992240382006
male,black,70-74,2009,23461.718591102002
male,black,70-74,2010,23801
male,black,70-74,2011,24200
male,black,70-74,2012,24106
male,black,70-74,2013,24008
male,black,70-74,2014,24001
male,black,70-74,2015,24155
male,black,70-74,2016,24555
male,black,70-74,2017,25328
male,black,70-74,2018,26718
male,black,70-74,2019,28548
male,black,70-74,2020,29755
male,black,75-79,1999,12078.416373229724
male,black,75-79,2000,12997
male,black,75-79,2001,13272.470178397001
male,black,75-79,2002,13322.071401513
male,black,75-79,2003,13380.087173086
male,black,75-79,2004,13420.19109967
male,black,75-79,2005,13357.127759087
male,black,75-79,2006,13354.576865898998
male,black,75-79,2007,13571.468143147
male,black,75-79,2008,13840.042384545
male,black,75-79,2009,14729.164773863
male,black,75-79,2010,15095
male,black,75-79,2011,15983
male,black,75-79,2012,16471
male,black,75-79,2013,16821
male,black,75-79,2014,17162
male,black,75-79,2015,17389
male,black,75-79,2016,17492
male,black,75-79,2017,17607
male,black,75-79,2018,17865
male,black,75-79,2019,18358
male,black,75-79,2020,18811
male,black,80-84,1999,6149.344761856068
male,black,80-84,2000,6600
male,black,80-84,2001,7159.308894189
male,black,80-84,2002,7551.628843887001
male,black,80-84,2003,7876.593841675
male,black,80-84,2004,8112.011988462001
male,black,80-84,2005,8310.760599833
male,black,80-84,2006,8457.742131776
male,black,80-84,2007,8526.069249185
male,black,80-84,2008,8650.176533702
male,black,80-84,2009,8683.392623052
male,black,80-84,2010,8689
male,black,80-84,2011,9027
male,black,80-84,2012,9244
male,black,80-84,2013,9414
male,black,80-84,2014,9637
male,black,80-84,2015,9980
male,black,80-84,2016,10303
male,black,80-84,2017,10731
male,black,80-84,2018,11144
male,black,80-84,2019,11669
male,black,80-84,2020,12177
male,black,85-89,1999,2795.234010590223
male,black,85-89,2000,2999
male,black,85-89,2001,3098.315767837
male,black,85-89,2002,3139.4161337560004
male,black,85-89,2003,3278.5940925960003
male,black,85-89,2004,3404.107717641
male,black,85-89,2005,3530.1559795109997
male,black,85-89,2006,3741.92828152
male,black,85-89,2007,3952.1355161570004
male,black,85-89,2008,4125.982610116
male,black,85-89,2009,4388.576419589
male,black,85-89,2010,4560
male,black,85-89,2011,4728
male,black,85-89,2012,4781
male,black,85-89,2013,4814
male,black,85-89,2014,4837
male,black,85-89,2015,4846
male,black,85-89,2016,4885
male,black,85-89,2017,4951
male,black,85-89,2018,5102
male,black,85-89,2019,5354
male,black,85-89,2020,5775
male,black,90+,1999,1266.7761367401774
male,black,90+,2000,1342
male,black,90+,2001,1199.218210005
male,black,90+,2002,1287.916667289
male,black,90+,2003,1350.9917629970003
male,black,90+,2004,1407.297160155
male,black,90+,2005,1478.569313949
male,black,90+,2006,1552.8113439649999
male,black,90+,2007,1567.494699883
male,black,90+,2008,1614.764189343
male,black,90+,2009,1752.7326376090002
male,black,90+,2010,1793
male,black,90+,2011,1941
male,black,90+,2012,1995
male,black,90+,2013,2101
male,black,90+,2014,2188
male,black,90+,2015,2321
male,black,90+,2016,2372
male,black,90+,2017,2454
male,black,90+,2018,2541
male,black,90+,2019,2601
male,black,90+,2020,2643
male,hispanic,0-4,1999,739399.9570865349
male,hispanic,0-4,2000,733204
male,hispanic,0-4,2001,744834.098505028
male,hispanic,0-4,2002,758312.302807362
male,hispanic,0-4,2003,774624.774962482
male,hispanic,0-4,2004,790094.379765017
male,hispanic,0-4,2005,802895.72798883
male,hispanic,0-4,2006,812666.628909268
male,hispanic,0-4,2007,817435.7952956599
male,hispanic,0-4,2008,822172.188527628
male,hispanic,0-4,2009,822197.463422091
male,hispanic,0-4,2010,823563
male,hispanic,0-4,2011,820318
male,hispanic,0-4,2012,813275
male,hispanic,0-4,2013,802243
male,hispanic,0-4,2014,788140
male,hispanic,0-4,2015,771672
male,hispanic,0-4,2016,754432
male,hispanic,0-4,2017,737636
male,hispanic,0-4,2018,722515
male,hispanic,0-4,2019,715272
male,hispanic,0-4,2020,804919
male,hispanic,5-9,1999,601463.1194180954
male,hispanic,5-9,2000,623219
male,hispanic,5-9,2001,644612.6343899709
male,hispanic,5-9,2002,652834.1699915669
male,hispanic,5-9,2003,657375.072728146
male,hispanic,5-9,2004,656230.603330335
male,hispanic,5-9,2005,652287.860635782
male,hispanic,5-9,2006,650822.912923247
male,hispanic,5-9,2007,655050.22191974
male,hispanic,5-9,2008,657646.60875597
male,hispanic,5-9,2009,652498.028929466
male,hispanic,5-9,2010,657662
male,hispanic,5-9,2011,668223
male,hispanic,5-9,2012,679295
male,hispanic,5-9,2013,692407
male,hispanic,5-9,2014,706386
male,hispanic,5-9,2015,715996
male,hispanic,5-9,2016,718318
male,hispanic,5-9,2017,712687
male,hispanic,5-9,2018,699006
male,hispanic,5-9,2019,679363
male,hispanic,5-9,2020,716235
male,hispanic,10-14,1999,499053.85303483676
male,hispanic,10-14,2000,513252
male,hispanic,10-14,2001,561357.515590879
male,hispanic,10-14,2002,591883.1776129269
male,hispanic,10-14,2003,620793.5469591301
male,hispanic,10-14,2004,644002.0783982209
male,hispanic,10-14,2005,660077.7672666031
male,hispanic,10-14,2006,671255.6066519379
male,hispanic,10-14,2007,675908.6479262509
male,hispanic,10-14,2008,675348.838832272
male,hispanic,10-14,2009,656294.28248374
male,hispanic,10-14,2010,667065
male,hispanic,10-14,2011,668344
male,hispanic,10-14,2012,670955
male,hispanic,10-14,2013,674085
male,hispanic,10-14,2014,679001
male,hispanic,10-14,2015,684530
male,hispanic,10-14,2016,690499
male,hispanic,10-14,2017,697102
male,hispanic,10-14,2018,703633
male,hispanic,10-14,2019,708131
male,hispanic,10-14,2020,746618
male,hispanic,15-19,1999,537464.369174293
male,hispanic,15-19,2000,534690
male,hispanic,15-19,2001,542749.998972296
male,hispanic,15-19,2002,545655.9292140381
male,hispanic,15-19,2003,557115.464840568
male,hispanic,15-19,2004,572731.723671017
male,hispanic,15-19,2005,590739.794882512
male,hispanic,15-19,2006,611770.201859208
male,hispanic,15-19,2007,631868.270697752
male,hispanic,15-19,2008,650288.201640898
male,hispanic,15-19,2009,674929.237947086
male,hispanic,15-19,2010,693856
male,hispanic,15-19,2011,694841
male,hispanic,15-19,2012,693867
male,hispanic,15-19,2013,690184
male,hispanic,15-19,2014,686045
male,hispanic,15-19,2015,682388
male,hispanic,15-19,2016,679593
male,hispanic,15-19,2017,677258
male,hispanic,15-19,2018,672420
male,hispanic,15-19,2019,662166
male,hispanic,15-19,2020,668204
male,hispanic,20-24,1999,545786.6375610968
male,hispanic,20-24,2000,552705
male,hispanic,20-24,2001,576136.844873437
male,hispanic,20-24,2002,578246.717829111
male,hispanic,20-24,2003,582399.9139349089
male,hispanic,20-24,2004,586114.386430287
male,hispanic,20-24,2005,588865.7877706679
male,hispanic,20-24,2006,593618.0292779211
male,hispanic,20-24,2007,599728.1335283751
male,hispanic,20-24,2008,610951.286267296
male,hispanic,20-24,2009,622188.150842314
male,hispanic,20-24,2010,631948
male,hispanic,20-24,2011,642190
male,hispanic,20-24,2012,650963
male,hispanic,20-24,2013,659189
male,hispanic,20-24,2014,667423
male,hispanic,20-24,2015,673701
male,hispanic,20-24,2016,675697
male,hispanic,20-24,2017,673104
male,hispanic,20-24,2018,663849
male,hispanic,20-24,2019,644244
male,hispanic,20-24,2020,633996
male,hispanic,25-29,1999,550231.4145165583
male,hispanic,25-29,2000,557440
male,hispanic,25-29,2001,569392.432009511
male,hispanic,25-29,2002,567777.020466761
male,hispanic,25-29,2003,569315.143949046
male,hispanic,25-29,2004,569805.536675029
male,hispanic,25-29,2005,569723.355838274
male,hispanic,25-29,2006,570976.160848278
male,hispanic,25-29,2007,577589.8008494481
male,hispanic,25-29,2008,586399.9456275359
male,hispanic,25-29,2009,601629.375118785
male,hispanic,25-29,2010,610041
male,hispanic,25-29,2011,608501
male,hispanic,25-29,2012,607330
male,hispanic,25-29,2013,604294
male,hispanic,25-29,2014,602507
male,hispanic,25-29,2015,602931
male,hispanic,25-29,2016,606391
male,hispanic,25-29,2017,614771
male,hispanic,25-29,2018,626232
male,hispanic,25-29,2019,635357
male,hispanic,25-29,2020,646954
male,hispanic,30-34,1999,500084.7647165865
male,hispanic,30-34,2000,514565
male,hispanic,30-34,2001,533100.832251539
male,hispanic,30-34,2002,542397.721173869
male,hispanic,30-34,2003,549930.38406486
male,hispanic,30-34,2004,554403.1935384651
male,hispanic,30-34,2005,553569.0633992141
male,hispanic,30-34,2006,551403.148411814
male,hispanic,30-34,2007,550379.3013956551
male,hispanic,30-34,2008,552268.5539809931
male,hispanic,30-34,2009,555996.1809740369
male,hispanic,30-34,2010,556553
male,hispanic,30-34,2011,566228
male,hispanic,30-34,2012,572695
male,hispanic,30-34,2013,576286
male,hispanic,30-34,2014,578859
male,hispanic,30-34,2015,579827
male,hispanic,30-34,2016,578585
male,hispanic,30-34,2017,577846
male,hispanic,30-34,2018,579412
male,hispanic,30-34,2019,583690
male,hispanic,30-34,2020,583977
male,hispanic,35-39,1999,413013.9630593838
male,hispanic,35-39,2000,437375
male,hispanic,35-39,2001,455344.518293414
male,hispanic,35-39,2002,469863.12684573303
male,hispanic,35-39,2003,482899.73341156903
male,hispanic,35-39,2004,494813.841524002
male,hispanic,35-39,2005,503825.98303682596
male,hispanic,35-39,2006,512826.84304543596
male,hispanic,35-39,2007,522692.901186462
male,hispanic,35-39,2008,530441.2856546
male,hispanic,35-39,2009,536428.5817215389
male,hispanic,35-39,2010,535325
male,hispanic,35-39,2011,534739
male,hispanic,35-39,2012,534713
male,hispanic,35-39,2013,533687
male,hispanic,35-39,2014,533756
male,hispanic,35-39,2015,535270
male,hispanic,35-39,2016,538670
male,hispanic,35-39,2017,545220
male,hispanic,35-39,2018,552645
male,hispanic,35-39,2019,558385
male,hispanic,35-39,2020,554219
male,hispanic,40-44,1999,319980.03228440735
male,hispanic,40-44,2000,338929
male,hispanic,40-44,2001,359149.557200518
male,hispanic,40-44,2002,376939.40529387805
male,hispanic,40-44,2003,394592.186120341
male,hispanic,40-44,2004,409848.563486655
male,hispanic,40-44,2005,424555.05330721906
male,hispanic,40-44,2006,438208.854340675
male,hispanic,40-44,2007,450643.30657338
male,hispanic,40-44,2008,462296.57325302897
male,hispanic,40-44,2009,482111.111740267
male,hispanic,40-44,2010,486836
male,hispanic,40-44,2011,497627
male,hispanic,40-44,2012,503707
male,hispanic,40-44,2013,505708
male,hispanic,40-44,2014,505952
male,hispanic,40-44,2015,504802
male,hispanic,40-44,2016,502751
male,hispanic,40-44,2017,502347
male,hispanic,40-44,2018,503569
male,hispanic,40-44,2019,503593
male,hispanic,40-44,2020,484171
male,hispanic,45-49,1999,230453.14582150066
male,hispanic,45-49,2000,247237
male,hispanic,45-49,2001,265229.766896899
male,hispanic,45-49,2002,281425.584869698
male,hispanic,45-49,2003,299009.197917175
male,hispanic,45-49,2004,316276.676419481
male,hispanic,45-49,2005,331601.885166821
male,hispanic,45-49,2006,347045.15526752005
male,hispanic,45-49,2007,363179.6541895
male,hispanic,45-49,2008,377699.251624114
male,hispanic,45-49,2009,402403.195003337
male,hispanic,45-49,2010,412411
male,hispanic,45-49,2011,424357
male,hispanic,45-49,2012,432560
male,hispanic,45-49,2013,437744
male,hispanic,45-49,2014,442573
male,hispanic,45-49,2015,448377
male,hispanic,45-49,2016,454490
male,hispanic,45-49,2017,461744
male,hispanic,45-49,2018,467905
male,hispanic,45-49,2019,468939
male,hispanic,45-49,2020,440018
male,hispanic,50-54,1999,160117.26129941075
male,hispanic,50-54,2000,172951
male,hispanic,50-54,2001,190427.537204014
male,hispanic,50-54,2002,203594.808058933
male,hispanic,50-54,2003,215783.922613836
male,hispanic,50-54,2004,227576.69782352698
male,hispanic,50-54,2005,239882.81550425699
male,hispanic,50-54,2006,253701.82680207
male,hispanic,50-54,2007,268767.948216782
male,hispanic,50-54,2008,284343.44684169197
male,hispanic,50-54,2009,313406.061098727
male,hispanic,50-54,2010,323045
male,hispanic,50-54,2011,337827
male,hispanic,50-54,2012,347913
male,hispanic,50-54,2013,354749
male,hispanic,50-54,2014,361229
male,hispanic,50-54,2015,368235
male,hispanic,50-54,2016,375945
male,hispanic,50-54,2017,385851
male,hispanic,50-54,2018,397479
male,hispanic,50-54,2019,409178
male,hispanic,50-54,2020,394377
male,hispanic,55-59,1999,110792.60384090626
male,hispanic,55-59,2000,118688
male,hispanic,55-59,2001,127098.82724398999
male,hispanic,55-59,2002,135383.910687938
male,hispanic,55-59,2003,145474.106760029
male,hispanic,55-59,2004,156326.98625539802
male,hispanic,55-59,2005,167015.351705492
male,hispanic,55-59,2006,178631.78579909
male,hispanic,55-59,2007,190602.660970021
male,hispanic,55-59,2008,202005.932026712
male,hispanic,55-59,2009,222057.995316389
male,hispanic,55-59,2010,231196
male,hispanic,55-59,2011,246184
male,hispanic,55-59,2012,256939
male,hispanic,55-59,2013,265373
male,hispanic,55-59,2014,273598
male,hispanic,55-59,2015,282366
male,hispanic,55-59,2016,291845
male,hispanic,55-59,2017,303677
male,hispanic,55-59,2018,317786
male,hispanic,55-59,2019,333239
male,hispanic,55-59,2020,330471
male,hispanic,60-64,1999,83892.41191496185
male,hispanic,60-64,2000,89332
male,hispanic,60-64,2001,93635.220955555
male,hispanic,60-64,2002,97707.286422721
male,hispanic,60-64,2003,102240.51097494701
male,hispanic,60-64,2004,107228.42058901601
male,hispanic,60-64,2005,112564.031938345
male,hispanic,60-64,2006,118408.61684302002
male,hispanic,60-64,2007,125159.670835973
male,hispanic,60-64,2008,133273.490000302
male,hispanic,60-64,2009,152609.75497878803
male,hispanic,60-64,2010,159897
male,hispanic,60-64,2011,170810
male,hispanic,60-64,2012,178499
male,hispanic,60-64,2013,183986
male,hispanic,60-64,2014,189527
male,hispanic,60-64,2015,196467
male,hispanic,60-64,2016,205455
male,hispanic,60-64,2017,217581
male,hispanic,60-64,2018,232282
male,hispanic,60-64,2019,248637
male,hispanic,60-64,2020,250388
male,hispanic,65-69,1999,66685.85390002927
male,hispanic,65-69,2000,69546
male,hispanic,65-69,2001,72025.156245617
male,hispanic,65-69,2002,74160.79909339099
male,hispanic,65-69,2003,76915.888564751
male,hispanic,65-69,2004,79949.246012824
male,hispanic,65-69,2005,83122.675634197
male,hispanic,65-69,2006,86228.591415273
male,hispanic,65-69,2007,89579.70774694701
male,hispanic,65-69,2008,92895.48881889801
male,hispanic,65-69,2009,101133.053298355
male,hispanic,65-69,2010,104863
male,hispanic,65-69,2011,110175
male,hispanic,65-69,2012,114844
male,hispanic,65-69,2013,118798
male,hispanic,65-69,2014,123490
male,hispanic,65-69,2015,129180
male,hispanic,65-69,2016,135881
male,hispanic,65-69,2017,144487
male,hispanic,65-69,2018,155163
male,hispanic,65-69,2019,167820
male,hispanic,65-69,2020,170208
male,hispanic,70-74,1999,48806.035701028
male,hispanic,70-74,2000,51975
male,hispanic,70-74,2001,55580.816562976
male,hispanic,70-74,2002,57992.682080408005
male,hispanic,70-74,2003,60108.905884429005
male,hispanic,70-74,2004,61832.514969771
male,hispanic,70-74,2005,63318.83745071999
male,hispanic,70-74,2006,64830.432748531006
male,hispanic,70-74,2007,66373.526955327
male,hispanic,70-74,2008,68406.933611085
male,hispanic,70-74,2009,72931.499593323
male,hispanic,70-74,2010,75148
male,hispanic,70-74,2011,76863
male,hispanic,70-74,2012,77821
male,hispanic,70-74,2013,77916
male,hispanic,70-74,2014,78273
male,hispanic,70-74,2015,79640
male,hispanic,70-74,2016,82353
male,hispanic,70-74,2017,87562
male,hispanic,70-74,2018,95867
male,hispanic,70-74,2019,107103
male,hispanic,70-74,2020,110471
male,hispanic,75-79,1999,29559.312195020982
male,hispanic,75-79,2000,34166
male,hispanic,75-79,2001,37197.065348596
male,hispanic,75-79,2002,39266.347345077
male,hispanic,75-79,2003,41108.859693513994
male,hispanic,75-79,2004,42733.176105464
male,hispanic,75-79,2005,44208.530964136
male,hispanic,75-79,2006,46228.475037582
male,hispanic,75-79,2007,48553.51493356
male,hispanic,75-79,2008,50641.072099764
male,hispanic,75-79,2009,53447.638002167
male,hispanic,75-79,2010,54321
male,hispanic,75-79,2011,54514
male,hispanic,75-79,2012,54480
male,hispanic,75-79,2013,53980
male,hispanic,75-79,2014,53676
male,hispanic,75-79,2015,53743
male,hispanic,75-79,2016,54297
male,hispanic,75-79,2017,56000
male,hispanic,75-79,2018,59305
male,hispanic,75-79,2019,64724
male,hispanic,75-79,2020,64525
male,hispanic,80-84,1999,13704.663521079576
male,hispanic,80-84,2000,15169
male,hispanic,80-84,2001,17298.826460958004
male,hispanic,80-84,2002,19050.653516287
male,hispanic,80-84,2003,21299.866978678
male,hispanic,80-84,2004,23454.922404635
male,hispanic,80-84,2005,25604.850766885
male,hispanic,80-84,2006,27404.66179327
male,hispanic,80-84,2007,29005.930638039004
male,hispanic,80-84,2008,30565.699804149
male,hispanic,80-84,2009,33107.942896800996
male,hispanic,80-84,2010,34067
male,hispanic,80-84,2011,35800
male,hispanic,80-84,2012,36583
male,hispanic,80-84,2013,36680
male,hispanic,80-84,2014,36374
male,hispanic,80-84,2015,35980
male,hispanic,80-84,2016,35680
male,hispanic,80-84,2017,36055
male,hispanic,80-84,2018,37552
male,hispanic,80-84,2019,40390
male,hispanic,80-84,2020,39628
male,hispanic,85-89,1999,6593.26042527568
male,hispanic,85-89,2000,7150
male,hispanic,85-89,2001,7635.291821216
male,hispanic,85-89,2002,8063.386455237999
male,hispanic,85-89,2003,8376.685968735
male,hispanic,85-89,2004,8818.597845864
male,hispanic,85-89,2005,9417.894927619998
male,hispanic,85-89,2006,10290.062705737999
male,hispanic,85-89,2007,11252.080408854
male,hispanic,85-89,2008,12461.026784905
male,hispanic,85-89,2009,15519.593093427
male,hispanic,85-89,2010,16715
male,hispanic,85-89,2011,17648
male,hispanic,85-89,2012,18120
male,hispanic,85-89,2013,18239
male,hispanic,85-89,2014,18309
male,hispanic,85-89,2015,18604
male,hispanic,85-89,2016,19174
male,hispanic,85-89,2017,19994
male,hispanic,85-89,2018,20988
male,hispanic,85-89,2019,22036
male,hispanic,85-89,2020,21531
male,hispanic,90+,1999,3065.2009678443146
male,hispanic,90+,2000,3310
male,hispanic,90+,2001,2888.3799081750003
male,hispanic,90+,2002,3133.42918003
male,hispanic,90+,2003,3422.740174912
male,hispanic,90+,2004,3661.954734979
male,hispanic,90+,2005,3840.1988795589996
male,hispanic,90+,2006,4077.756061314
male,hispanic,90+,2007,4299.038072044001
male,hispanic,90+,2008,4575.182771529
male,hispanic,90+,2009,5454.3035410190005
male,hispanic,90+,2010,5612
male,hispanic,90+,2011,6456
male,hispanic,90+,2012,7059
male,hispanic,90+,2013,7675
male,hispanic,90+,2014,8292
male,hispanic,90+,2015,9012
male,hispanic,90+,2016,9512
male,hispanic,90+,2017,10163
male,hispanic,90+,2018,10732
male,hispanic,90+,2019,11352
male,hispanic,90+,2020,10858
male,white,0-4,1999,526744.7007145337
male,white,0-4,2000,504626
male,white,0-4,2001,483756.894250069
male,white,0-4,2002,475283.604915505
male,white,0-4,2003,469513.019828655
male,white,0-4,2004,463867.9597405379
male,white,0-4,2005,455948.07367875706
male,white,0-4,2006,448025.939606306
male,white,0-4,2007,439907.058767703
male,white,0-4,2008,432622.97064695496
male,white,0-4,2009,416979.766948084
male,white,0-4,2010,403620
male,white,0-4,2011,404874
male,white,0-4,2012,406983
male,white,0-4,2013,408763
male,white,0-4,2014,411959
male,white,0-4,2015,415967
male,white,0-4,2016,418347
male,white,0-4,2017,416310
male,white,0-4,2018,406525
male,white,0-4,2019,383879
male,white,0-4,2020,346742
male,white,5-9,1999,509161.4238942851
male,white,5-9,2000,496587
male,white,5-9,2001,470889.688119495
male,white,5-9,2002,456719.997882944
male,white,5-9,2003,442828.507053791
male,white,5-9,2004,429444.372950852
male,white,5-9,2005,415567.575061194
male,white,5-9,2006,403238.104477551
male,white,5-9,2007,393826.566912852
male,white,5-9,2008,384447.10257577803
male,white,5-9,2009,367458.604610244
male,white,5-9,2010,355126
male,white,5-9,2011,343150
male,white,5-9,2012,332762
male,white,5-9,2013,320373
male,white,5-9,2014,308462
male,white,5-9,2015,298510
male,white,5-9,2016,291919
male,white,5-9,2017,291881
male,white,5-9,2018,297041
male,white,5-9,2019,300249
male,white,5-9,2020,300011
male,white,10-14,1999,495709.66873115656
male,white,10-14,2000,496142
male,white,10-14,2001,497032.24327526195
male,white,10-14,2002,498356.77959474304
male,white,10-14,2003,492795.935912794
male,white,10-14,2004,483160.17722873494
male,white,10-14,2005,469464.37497568905
male,white,10-14,2006,457021.572079813
male,white,10-14,2007,444269.42167465
male,white,10-14,2008,432561.512496184
male,white,10-14,2009,403911.440085962
male,white,10-14,2010,388916
male,white,10-14,2011,375476
male,white,10-14,2012,363721
male,white,10-14,2013,350451
male,white,10-14,2014,336996
male,white,10-14,2015,323784
male,white,10-14,2016,311948
male,white,10-14,2017,304107
male,white,10-14,2018,302234
male,white,10-14,2019,308083
male,white,10-14,2020,324253
male,white,15-19,1999,469763.95285870275
male,white,15-19,2000,475165
male,white,15-19,2001,471867.509582636
male,white,15-19,2002,478222.54590465303
male,white,15-19,2003,488573.69461170293
male,white,15-19,2004,494762.63160527096
male,white,15-19,2005,496453.77667895705
male,white,15-19,2006,493793.911329764
male,white,15-19,2007,488890.541374907
male,white,15-19,2008,480565.8795154829
male,white,15-19,2009,460529.64934141794
male,white,15-19,2010,458074
male,white,15-19,2011,438248
male,white,15-19,2012,422717
male,white,15-19,2013,406873
male,white,15-19,2014,392094
male,white,15-19,2015,378756
male,white,15-19,2016,366722
male,white,15-19,2017,356774
male,white,15-19,2018,349068
male,white,15-19,2019,344513
male,white,15-19,2020,344854
male,white,20-24,1999,447707.5649301234
male,white,20-24,2000,443467
male,white,20-24,2001,446446.72674780304
male,white,20-24,2002,458150.954548556
male,white,20-24,2003,469700.553389788
male,white,20-24,2004,480246.816459009
male,white,20-24,2005,487650.210757996
male,white,20-24,2006,496272.03001785406
male,white,20-24,2007,502428.074785372
male,white,20-24,2008,505809.647985153
male,white,20-24,2009,494377.321961536
male,white,20-24,2010,487117
male,white,20-24,2011,483140
male,white,20-24,2012,477382
male,white,20-24,2013,469378
male,white,20-24,2014,459350
male,white,20-24,2015,446601
male,white,20-24,2016,431561
male,white,20-24,2017,416311
male,white,20-24,2018,401970
male,white,20-24,2019,388720
male,white,20-24,2020,378754
male,white,25-29,1999,548032.2492376982
male,white,25-29,2000,522071
male,white,25-29,2001,492424.58761025296
male,white,25-29,2002,470966.16146197
male,white,25-29,2003,459124.308998619
male,white,25-29,2004,455366.02269181004
male,white,25-29,2005,455903.460338708
male,white,25-29,2006,460153.12548412895
male,white,25-29,2007,469413.383518766
male,white,25-29,2008,481048.245801003
male,white,25-29,2009,497004.229852947
male,white,25-29,2010,497773
male,white,25-29,2011,499122
male,white,25-29,2012,498899
male,white,25-29,2013,496699
male,white,25-29,2014,493376
male,white,25-29,2015,488738
male,white,25-29,2016,483811
male,white,25-29,2017,478813
male,white,25-29,2018,474303
male,white,25-29,2019,472543
male,white,25-29,2020,472670
male,white,30-34,1999,619072.5947850416
male,white,30-34,2000,592605
male,white,30-34,2001,580296.9299234301
male,white,30-34,2002,570504.28221525
male,white,30-34,2003,555980.4560141349
male,white,30-34,2004,536075.196696881
male,white,30-34,2005,512291.027223754
male,white,30-34,2006,487740.954818907
male,white,30-34,2007,466784.93047959195
male,white,30-34,2008,451730.348003658
male,white,30-34,2009,445927.06435392593
male,white,30-34,2010,444201
male,white,30-34,2011,462377
male,white,30-34,2012,477191
male,white,30-34,2013,491915
male,white,30-34,2014,505284
male,white,30-34,2015,514323
male,white,30-34,2016,518070
male,white,30-34,2017,517141
male,white,30-34,2018,512447
male,white,30-34,2019,506842
male,white,30-34,2020,496661
male,white,35-39,1999,718357.5993107323
male,white,35-39,2000,707635
male,white,35-39,2001,679376.528780756
male,white,35-39,2002,654523.4814628719
male,white,35-39,2003,626964.483143096
male,white,35-39,2004,600600.976454127
male,white,35-39,2005,575429.6487137079
male,white,35-39,2006,557364.307433091
male,white,35-39,2007,547545.246744165
male,white,35-39,2008,538957.308016621
male,white,35-39,2009,505761.273241396
male,white,35-39,2010,483851
male,white,35-39,2011,463618
male,white,35-39,2012,453790
male,white,35-39,2013,449111
male,white,35-39,2014,451420
male,white,35-39,2015,459384
male,white,35-39,2016,470282
male,white,35-39,2017,482038
male,white,35-39,2018,490848
male,white,35-39,2019,491467
male,white,35-39,2020,476714
male,white,40-44,1999,705500.3712663907
male,white,40-44,2000,706150
male,white,40-44,2001,705164.359143759
male,white,40-44,2002,706915.070999245
male,white,40-44,2003,703475.797944416
male,white,40-44,2004,694274.872669297
male,white,40-44,2005,680509.755525272
male,white,40-44,2006,661702.695469679
male,white,40-44,2007,637589.194632075
male,white,40-44,2008,609481.927765036
male,white,40-44,2009,556156.608804581
male,white,40-44,2010,532067
male,white,40-44,2011,523126
male,white,40-44,2012,514198
male,white,40-44,2013,502680
male,white,40-44,2014,488912
male,white,40-44,2015,472736
male,white,40-44,2016,456168
male,white,40-44,2017,442508
male,white,40-44,2018,433659
male,white,40-44,2019,428233
male,white,40-44,2020,418804
male,white,45-49,1999,639605.2995348079
male,white,45-49,2000,646726
male,white,45-49,2001,649709.482065114
male,white,45-49,2002,660748.1666980351
male,white,45-49,2003,670721.752865711
male,white,45-49,2004,678437.196302162
male,white,45-49,2005,680502.4537435521
male,white,45-49,2006,680917.3146382361
male,white,45-49,2007,680665.523903421
male,white,45-49,2008,677007.878310093
male,white,45-49,2009,652610.134170338
male,white,45-49,2010,636391
male,white,45-49,2011,609363
male,white,45-49,2012,586701
male,white,45-49,2013,562412
male,white,45-49,2014,539320
male,white,45-49,2015,519936
male,white,45-49,2016,505345
male,white,45-49,2017,495106
male,white,45-49,2018,484657
male,white,45-49,2019,469451
male,white,45-49,2020,452119
male,white,50-54,1999,554608.1954694522
male,white,50-54,2000,575057
male,white,50-54,2001,597474.25715741
male,white,50-54,2002,612465.6442108289
male,white,50-54,2003,613248.722350763
male,white,50-54,2004,613578.863823191
male,white,50-54,2005,617035.179541595
male,white,50-54,2006,623024.506771098
male,white,50-54,2007,631135.390506593
male,white,50-54,2008,639350.5071131941
male,white,50-54,2009,646750.8900846421
male,white,50-54,2010,640792
male,white,50-54,2011,641291
male,white,50-54,2012,637743
male,white,50-54,2013,629537
male,white,50-54,2014,618127
male,white,50-54,2015,602893
male,white,50-54,2016,583782
male,white,50-54,2017,561801
male,white,50-54,2018,538431
male,white,50-54,2019,514333
male,white,50-54,2020,489151
male,white,55-59,1999,409535.38175304874
male,white,55-59,2000,430145
male,white,55-59,2001,444692.480608095
male,white,55-59,2002,463750.56376631104
male,white,55-59,2003,493627.63977535494
male,white,55-59,2004,518580.47641877906
male,white,55-59,2005,536836.735654387
male,white,55-59,2006,554976.409586241
male,white,55-59,2007,570929.8587915971
male,white,55-59,2008,579503.609111142
male,white,55-59,2009,575507.3973708131
male,white,55-59,2010,575612
male,white,55-59,2011,586400
male,white,55-59,2012,593364
male,white,55-59,2013,597857
male,white,55-59,2014,601193
male,white,55-59,2015,602133
male,white,55-59,2016,600722
male,white,55-59,2017,598078
male,white,55-59,2018,591357
male,white,55-59,2019,577315
male,white,55-59,2020,560672
male,white,60-64,1999,322465.33676563605
male,white,60-64,2000,333071
male,white,60-64,2001,335506.81611593603
male,white,60-64,2002,344283.21348812
male,white,60-64,2003,357090.34527543705
male,white,60-64,2004,373210.129928382
male,white,60-64,2005,388797.804504546
male,white,60-64,2006,402838.337374381
male,white,60-64,2007,418395.84812975605
male,white,60-64,2008,438762.86511361494
male,white,60-64,2009,486221.603742798
male,white,60-64,2010,495825
male,white,60-64,2011,512776
male,white,60-64,2012,520711
male,white,60-64,2013,521797
male,white,60-64,2014,520505
male,white,60-64,2015,521385
male,white,60-64,2016,525613
male,white,60-64,2017,532492
male,white,60-64,2018,539153
male,white,60-64,2019,539890
male,white,60-64,2020,536593
male,white,65-69,1999,295471.5060922311
male,white,65-69,2000,295333
male,white,65-69,2001,287496.499278245
male,white,65-69,2002,285677.619033631
male,white,65-69,2003,286368.378488034
male,white,65-69,2004,290180.984389498
male,white,65-69,2005,294860.744601349
male,white,65-69,2006,300312.132226476
male,white,65-69,2007,306384.878496348
male,white,65-69,2008,314661.53282698
male,white,65-69,2009,341771.251842507
male,white,65-69,2010,350119
male,white,65-69,2011,367312
male,white,65-69,2012,382117
male,white,65-69,2013,396748
male,white,65-69,2014,411663
male,white,65-69,2015,424431
male,white,65-69,2016,434635
male,white,65-69,2017,444406
male,white,65-69,2018,451146
male,white,65-69,2019,452855
male,white,65-69,2020,454384
male,white,70-74,1999,265385.6415310086
male,white,70-74,2000,267292
male,white,70-74,2001,262081.03269370197
male,white,70-74,2002,261507.49356145397
male,white,70-74,2003,260290.43677743798
male,white,70-74,2004,257783.437328853
male,white,70-74,2005,254821.164992734
male,white,70-74,2006,251870.11691634203
male,white,70-74,2007,249663.43577096402
male,white,70-74,2008,248718.896015139
male,white,70-74,2009,252607.346095247
male,white,70-74,2010,254911
male,white,70-74,2011,258908
male,white,70-74,2012,262677
male,white,70-74,2013,266182
male,white,70-74,2014,271804
male,white,70-74,2015,280193
male,white,70-74,2016,290628
male,white,70-74,2017,305663
male,white,70-74,2018,326498
male,white,70-74,2019,349329
male,white,70-74,2020,370435
male,white,75-79,1999,213059.87253009656
male,white,75-79,2000,226002
male,white,75-79,2001,225374.077968489
male,white,75-79,2002,222539.795166022
male,white,75-79,2003,218812.43691944
male,white,75-79,2004,216370.24278360998
male,white,75-79,2005,213423.936724947
male,white,75-79,2006,211686.106434381
male,white,75-79,2007,211233.60573977104
male,white,75-79,2008,211182.058459655
male,white,75-79,2009,207899.166101364
male,white,75-79,2010,204273
male,white,75-79,2011,199369
male,white,75-79,2012,195448
male,white,75-79,2013,190838
male,white,75-79,2014,187349
male,white,75-79,2015,186146
male,white,75-79,2016,186910
male,white,75-79,2017,191693
male,white,75-79,2018,201894
male,white,75-79,2019,218368
male,white,75-79,2020,238556
male,white,80-84,1999,126852.38701969468
male,white,80-84,2000,135305
male,white,80-84,2001,140319.675474907
male,white,80-84,2002,146330.735026385
male,white,80-84,2003,152014.474498929
male,white,80-84,2004,155214.703455201
male,white,80-84,2005,157408.468991105
male,white,80-84,2006,158360.754373101
male,white,80-84,2007,157395.021315386
male,white,80-84,2008,155537.08323513
male,white,80-84,2009,153022.153402937
male,white,80-84,2010,150986
male,white,80-84,2011,149675
male,white,80-84,2012,147477
male,white,80-84,2013,143785
male,white,80-84,2014,139380
male,white,80-84,2015,134740
male,white,80-84,2016,130555
male,white,80-84,2017,128715
male,white,80-84,2018,130121
male,white,80-84,2019,135341
male,white,80-84,2020,145385
male,white,85-89,1999,56714.354121720644
male,white,85-89,2000,60917
male,white,85-89,2001,64477.668309055996
male,white,85-89,2002,67675.305538151
male,white,85-89,2003,70156.612532132
male,white,85-89,2004,72307.256036881
male,white,85-89,2005,74281.31678669501
male,white,85-89,2006,76513.59481507601
male,white,85-89,2007,79797.86178504501
male,white,85-89,2008,83343.63971022
male,white,85-89,2009,88261.67951467099
male,white,85-89,2010,89495
male,white,85-89,2011,88520
male,white,85-89,2012,86802
male,white,85-89,2013,84263
male,white,85-89,2014,81829
male,white,85-89,2015,79719
male,white,85-89,2016,78217
male,white,85-89,2017,77687
male,white,85-89,2018,77912
male,white,85-89,2019,78686
male,white,85-89,2020,83388
male,white,90+,1999,19458.15346243945
male,white,90+,2000,21226
male,white,90+,2001,18987.270636750996
male,white,90+,2002,20783.133541714997
male,white,90+,2003,22963.527407360998
male,white,90+,2004,24793.127124095998
male,white,90+,2005,26382.668038952
male,white,90+,2006,28110.178273138998
male,white,90+,2007,29269.658531504
male,white,90+,2008,30499.005079589
male,white,90+,2009,32465.739990699003
male,white,90+,2010,33247
male,white,90+,2011,34993
male,white,90+,2012,35670
male,white,90+,2013,36353
male,white,90+,2014,36977
male,white,90+,2015,37793
male,white,90+,2016,38341
male,white,90+,2017,39045
male,white,90+,2018,39748
male,white,90+,2019,40420
male,white,90+,2020,42543
