"Notes","Five-Year Age Groups","Five-Year Age Groups Code",Deaths,Population,Crude Rate
,"< 1 year","1",31,1864282,1.7
,"1-4 years","1-4",211,7445805,2.8
,"5-9 years","5-9",183,9302640,2.0
,"10-14 years","10-14",254,9327176,2.7
,"15-19 years","15-19",1408,9358854,15.0
,"20-24 years","20-24",2775,9246700,30.0
,"25-29 years","25-29",2138,9011755,23.7
,"30-34 years","30-34",1570,8302585,18.9
,"35-39 years","35-39",1192,7775062,15.3
,"40-44 years","40-44",1094,7186233,15.2
,"45-49 years","45-49",1007,6463934,15.6
,"50-54 years","50-54",930,5449806,17.1
,"55-59 years","55-59",839,4255548,19.7
,"60-64 years ","60-64",641,3086554,20.8
,"65-69 years","65-69",435,2103051,20.7
,"70-74 years","70-74",311,1409576,22.1
,"75-79 years","75-79",236,946356,24.9
,"80-84 years","80-84",173,625451,27.7
,"85-89 years","85-89",118,Not Applicable,Not Applicable
,"90-94 years","90-94",46,Not Applicable,Not Applicable
"Total",,,15602,103684609,15.0
"---"
"Dataset: Multiple Cause of Death, 1999-2020"
"Query Parameters:"
"Hispanic Origin: Hispanic or Latino"
"MCD - ICD-10 Codes: V01.0 (Pedestrian injured in collision with pedal cycle, nontraffic accident); V01.1 (Pedestrian injured in"
"collision with pedal cycle, traffic accident); V01.9 (Unspecified whether traffic or nontraffic accident); V02.0 (Pedestrian"
"injured in collision with two- or three-wheeled motor vehicle, nontraffic accident); V02.1 (Pedestrian injured in collision with"
"two- or three-wheeled motor vehicle, traffic accident); V02.9 (Unspecified whether traffic or nontraffic accident); V03.0"
"(Pedestrian injured in collision with car, pick-up truck or van, nontraffic accident); V03.1 (Pedestrian injured in collision"
"with car, pick-up truck or van, traffic accident); V03.9 (Unspecified whether traffic or nontraffic accident); V04.0 (Pedestrian"
"injured in collision with heavy transport vehicle or bus, nontraffic accident); V04.1 (Pedestrian injured in collision with"
"heavy transport vehicle or bus, traffic accident); V04.9 (Unspecified whether traffic or nontraffic accident); V05.0 (Pedestrian"
"injured in collision with railway train or railway vehicle, nontraffic accident); V05.1 (Pedestrian injured in collision with"
"railway train or railway vehicle, traffic accident); V05.9 (Unspecified whether traffic or nontraffic accident); V06.0"
"(Pedestrian injured in collision with other nonmotor vehicle, nontraffic accident); V06.1 (Pedestrian injured in collision with"
"other nonmotor vehicle, traffic accident); V06.9 (Unspecified whether traffic or nontraffic accident); V09.0 (Pedestrian injured"
"in nontraffic accident involving other and unspecified motor vehicles); V09.1 (Pedestrian injured in unspecified nontraffic"
"accident); V09.2 (Pedestrian injured in traffic accident involving other and unspecified motor vehicles); V09.3 (Pedestrian"
"injured in unspecified traffic accident); V09.9 (Pedestrian injured in unspecified transport accident); V10.0 (Pedal cyclist"
"injured in collision with pedestrian or animal, driver injured in nontraffic accident); V10.1 (Pedal cyclist injured in"
"collision with pedestrian or animal, passenger injured in nontraffic accident); V10.2 (Pedal cyclist injured in collision with"
"pedestrian or animal, unspecified pedal cyclist injured in nontraffic accident); V10.3 (Pedal cyclist injured in collision with"
"pedestrian or animal, person injured while boarding or alighting); V10.4 (Pedal cyclist injured in collision with pedestrian or"
"animal, driver injured in traffic accident); V10.5 (Pedal cyclist injured in collision with pedestrian or animal, passenger"
"injured in traffic accident); V10.9 (Pedal cyclist injured in collision with pedestrian or animal, unspecified pedal cyclist"
"injured in traffic accident); V11.0 (Pedal cyclist injured in collision with other pedal cycle, driver injured in nontraffic"
"accident); V11.1 (Pedal cyclist injured in collision with other pedal cycle, passenger injured in nontraffic accident); V11.2"
"(Pedal cyclist injured in collision with other pedal cycle, unspecified pedal cyclist injured in nontraffic accident); V11.3"
"(Pedal cyclist injured in collision with other pedal cycle, person injured while boarding or alighting); V11.4 (Pedal cyclist"
"injured in collision with other pedal cycle, driver injured in traffic accident); V11.5 (Pedal cyclist injured in collision with"
"other pedal cycle, passenger injured in traffic accident); V11.9 (Pedal cyclist injured in collision with other pedal cycle,"
"unspecified pedal cyclist injured in traffic accident); V12.0 (Pedal cyclist injured in collision with two- or three-wheeled"
"motor vehicle, driver injured in nontraffic accident); V12.1 (Pedal cyclist injured in collision with two- or three-wheeled"
"motor vehicle, passenger injured in nontraffic accident); V12.2 (Pedal cyclist injured in collision with two- or three-wheeled"
"motor vehicle, unspecified pedal cyclist injured in nontraffic accident); V12.3 (Pedal cyclist injured in collision with two- or"
"three-wheeled motor vehicle, person injured while boarding or alighting); V12.4 (Pedal cyclist injured in collision with two- or"
"three-wheeled motor vehicle, driver injured in traffic accident); V12.5 (Pedal cyclist injured in collision with two- or"
"three-wheeled motor vehicle, passenger injured in traffic accident); V12.9 (Pedal cyclist injured in collision with two- or"
"three-wheeled motor vehicle, unspecified pedal cyclist injured in traffic accident); V13.0 (Pedal cyclist injured in collision"
"with car, pick-up truck or van, driver injured in nontraffic accident); V13.1 (Pedal cyclist injured in collision with car,"
"pick-up truck or van, passenger injured in nontraffic accident); V13.2 (Pedal cyclist injured in collision with car, pick-up"
"truck or van, unspecified pedal cyclist injured in nontraffic accident); V13.3 (Pedal cyclist injured in collision with car,"
"pick-up truck or van, person injured while boarding or alighting); V13.4 (Pedal cyclist injured in collision with car, pick-up"
"truck or van, driver injured in traffic accident); V13.5 (Pedal cyclist injured in collision with car, pick-up truck or van,"
"passenger injured in traffic accident); V13.9 (Pedal cyclist injured in collision with car, pick-up truck or van, unspecified"
"pedal cyclist injured in traffic accident); V14.0 (Pedal cyclist injured in collision with heavy transport vehicle or bus,"
"driver injured in nontraffic accident); V14.1 (Pedal cyclist injured in collision with heavy transport vehicle or bus, passenger"
"injured in nontraffic accident); V14.2 (Pedal cyclist injured in collision with heavy transport vehicle or bus, unspecified"
"pedal cyclist injured in nontraffic accident); V14.3 (Pedal cyclist injured in collision with heavy transport vehicle or bus,"
"person injured while boarding or alighting); V14.4 (Pedal cyclist injured in collision with heavy transport vehicle or bus,"
"driver injured in traffic accident); V14.5 (Pedal cyclist injured in collision with heavy transport vehicle or bus, passenger"
"injured in traffic accident); V14.9 (Pedal cyclist injured in collision with heavy transport vehicle or bus, unspecified pedal"
"cyclist injured in traffic accident); V15.0 (Pedal cyclist injured in collision with railway train or railway vehicle, driver"
"injured in nontraffic accident); V15.1 (Pedal cyclist injured in collision with railway train or railway vehicle, passenger"
"injured in nontraffic accident); V15.2 (Pedal cyclist injured in collision with railway train or railway vehicle, unspecified"
"pedal cyclist injured in nontraffic accident); V15.3 (Pedal cyclist injured in collision with railway train or railway vehicle,"
"person injured while boarding or alighting); V15.4 (Pedal cyclist injured in collision with railway train or railway vehicle,"
"driver injured in traffic accident); V15.5 (Pedal cyclist injured in collision with railway train or railway vehicle, passenger"
"injured in traffic accident); V15.9 (Pedal cyclist injured in collision with railway train or railway vehicle, unspecified pedal"
"cyclist injured in traffic accident); V16.0 (Pedal cyclist injured in collision with other nonmotor vehicle, driver injured in"
"nontraffic accident); V16.1 (Pedal cyclist injured in collision with other nonmotor vehicle, passenger injured in nontraffic"
"accident); V16.2 (Pedal cyclist injured in collision with other nonmotor vehicle, unspecified pedal cyclist injured in"
"nontraffic accident); V16.3 (Pedal cyclist injured in collision with other nonmotor vehicle, person injured while boarding or"
"alighting); V16.4 (Pedal cyclist injured in collision with other nonmotor vehicle, driver injured in traffic accident); V16.5"
"(Pedal cyclist injured in collision with other nonmotor vehicle, passenger injured in traffic accident); V16.9 (Pedal cyclist"
"injured in collision with other nonmotor vehicle, unspecified pedal cyclist injured in traffic accident); V17.0 (Pedal cyclist"
"injured in collision with fixed or stationary object, driver injured in nontraffic accident); V17.1 (Pedal cyclist injured in"
"collision with fixed or stationary object, passenger injured in nontraffic accident); V17.2 (Pedal cyclist injured in collision"
"with fixed or stationary object, unspecified pedal cyclist injured in nontraffic accident); V17.3 (Pedal cyclist injured in"
"collision with fixed or stationary object, person injured while boarding or alighting); V17.4 (Pedal cyclist injured in"
"collision with fixed or stationary object, driver injured in traffic accident); V17.5 (Pedal cyclist injured in collision with"
"fixed or stationary object, passenger injured in traffic accident); V17.9 (Pedal cyclist injured in collision with fixed or"
"stationary object, unspecified pedal cyclist injured in traffic accident); V18.0 (Pedal cyclist injured in noncollision"
"transport accident, driver injured in nontraffic accident); V18.1 (Pedal cyclist injured in noncollision transport accident,"
"passenger injured in nontraffic accident); V18.2 (Pedal cyclist injured in noncollision transport accident, unspecified pedal"
"cyclist injured in nontraffic accident); V18.3 (Pedal cyclist injured in noncollision transport accident, person injured while"
"boarding or alighting); V18.4 (Pedal cyclist injured in noncollision transport accident, driver injured in traffic accident);"
"V18.5 (Pedal cyclist injured in noncollision transport accident, passenger injured in traffic accident); V18.9 (Pedal cyclist"
"injured in noncollision transport accident, unspecified pedal cyclist injured in traffic accident); V19.0 (Driver injured in"
"collision with other and unspecified motor vehicles in nontraffic accident); V19.1 (Passenger injured in collision with other"
"and unspecified motor vehicles in nontraffic accident); V19.2 (Unspecified pedal cyclist injured in collision with other and"
"unspecified motor vehicles in nontraffic accident); V19.3 (Pedal cyclist [any] injured in unspecified nontraffic accident);"
"V19.4 (Driver injured in collision with other and unspecified motor vehicles in traffic accident); V19.5 (Passenger injured in"
"collision with other and unspecified motor vehicles in traffic accident); V19.6 (Unspecified pedal cyclist injured in collision"
"with other and unspecified motor vehicles in traffic accident); V19.8 (Pedal cyclist [any] injured in other specified transport"
"accidents); V19.9 (Pedal cyclist [any] injured in unspecified traffic accident); V20.0 (Motorcycle rider injured in collision"
"with pedestrian or animal, driver injured in nontraffic accident); V20.1 (Motorcycle rider injured in collision with pedestrian"
"or animal, passenger injured in nontraffic accident); V20.2 (Motorcycle rider injured in collision with pedestrian or animal,"
"unspecified motorcycle rider injured in nontraffic accident); V20.3 (Motorcycle rider injured in collision with pedestrian or"
"animal, person injured while boarding or alighting); V20.4 (Motorcycle rider injured in collision with pedestrian or animal,"
"driver injured in traffic accident); V20.5 (Motorcycle rider injured in collision with pedestrian or animal, passenger injured"
"in traffic accident); V20.9 (Motorcycle rider injured in collision with pedestrian or animal, unspecified motorcycle rider"
"injured in traffic accident); V21.0 (Motorcycle rider injured in collision with pedal cycle, driver injured in nontraffic"
"accident); V21.1 (Motorcycle rider injured in collision with pedal cycle, passenger injured in nontraffic accident); V21.2"
"(Motorcycle rider injured in collision with pedal cycle, unspecified motorcycle rider injured in nontraffic accident); V21.3"
"(Motorcycle rider injured in collision with pedal cycle, person injured while boarding or alighting); V21.4 (Motorcycle rider"
"injured in collision with pedal cycle, driver injured in traffic accident); V21.5 (Motorcycle rider injured in collision with"
"pedal cycle, passenger injured in traffic accident); V21.9 (Motorcycle rider injured in collision with pedal cycle, unspecified"
"motorcycle rider injured in traffic accident); V22.0 (Motorcycle rider injured in collision with two- or three-wheeled motor"
"vehicle, driver injured in nontraffic accident); V22.1 (Motorcycle rider injured in collision with two- or three-wheeled motor"
"vehicle, passenger injured in nontraffic accident); V22.2 (Motorcycle rider injured in collision with two- or three-wheeled"
"motor vehicle, unspecified motorcycle rider injured in nontraffic accident); V22.3 (Motorcycle rider injured in collision with"
"two- or three-wheeled motor vehicle, person injured while boarding or alighting); V22.4 (Motorcycle rider injured in collision"
"with two- or three-wheeled motor vehicle, driver injured in traffic accident); V22.5 (Motorcycle rider injured in collision with"
"two- or three-wheeled motor vehicle, passenger injured in traffic accident); V22.9 (Motorcycle rider injured in collision with"
"two- or three-wheeled motor vehicle, unspecified motorcycle rider injured in traffic accident); V23.0 (Motorcycle rider injured"
"in collision with car, pick-up truck or van, driver injured in nontraffic accident); V23.1 (Motorcycle rider injured in"
"collision with car, pick-up truck or van, passenger injured in nontraffic accident); V23.2 (Motorcycle rider injured in"
"collision with car, pick-up truck or van, unspecified motorcycle rider injured in nontraffic accident); V23.3 (Motorcycle rider"
"injured in collision with car, pick-up truck or van, person injured while boarding or alighting); V23.4 (Motorcycle rider"
"injured in collision with car, pick-up truck or van, driver injured in traffic accident); V23.5 (Motorcycle rider injured in"
"collision with car, pick-up truck or van, passenger injured in traffic accident); V23.9 (Motorcycle rider injured in collision"
"with car, pick-up truck or van, unspecified motorcycle rider injured in traffic accident); V24.0 (Motorcycle rider injured in"
"collision with heavy transport vehicle or bus, driver injured in nontraffic accident); V24.1 (Motorcycle rider injured in"
"collision with heavy transport vehicle or bus, passenger injured in nontraffic accident); V24.2 (Motorcycle rider injured in"
"collision with heavy transport vehicle or bus, unspecified motorcycle rider injured in nontraffic accident); V24.3 (Motorcycle"
"rider injured in collision with heavy transport vehicle or bus, person injured while boarding or alighting); V24.4 (Motorcycle"
"rider injured in collision with heavy transport vehicle or bus, driver injured in traffic accident); V24.5 (Motorcycle rider"
"injured in collision with heavy transport vehicle or bus, passenger injured in traffic accident); V24.9 (Motorcycle rider"
"injured in collision with heavy transport vehicle or bus, unspecified motorcycle rider injured in traffic accident); V25.0"
"(Motorcycle rider injured in collision with railway train or railway vehicle, driver injured in nontraffic accident); V25.1"
"(Motorcycle rider injured in collision with railway train or railway vehicle, passenger injured in nontraffic accident); V25.2"
"(Motorcycle rider injured in collision with railway train or railway vehicle, unspecified motorcycle rider injured in nontraffic"
"accident); V25.3 (Motorcycle rider injured in collision with railway train or railway vehicle, person injured while boarding or"
"alighting); V25.4 (Motorcycle rider injured in collision with railway train or railway vehicle, driver injured in traffic"
"accident); V25.5 (Motorcycle rider injured in collision with railway train or railway vehicle, passenger injured in traffic"
"accident); V25.9 (Motorcycle rider injured in collision with railway train or railway vehicle, unspecified motorcycle rider"
"injured in traffic accident); V26.0 (Motorcycle rider injured in collision with other nonmotor vehicle, driver injured in"
"nontraffic accident); V26.1 (Motorcycle rider injured in collision with other nonmotor vehicle, passenger injured in nontraffic"
"accident); V26.2 (Motorcycle rider injured in collision with other nonmotor vehicle, unspecified motorcycle rider injured in"
"nontraffic accident); V26.3 (Motorcycle rider injured in collision with other nonmotor vehicle, person injured while boarding or"
"alighting); V26.4 (Motorcycle rider injured in collision with other nonmotor vehicle, driver injured in traffic accident); V26.5"
"(Motorcycle rider injured in collision with other nonmotor vehicle, passenger injured in traffic accident); V26.9 (Motorcycle"
"rider injured in collision with other nonmotor vehicle, unspecified motorcycle rider injured in traffic accident); V27.0"
"(Motorcycle rider injured in collision with fixed or stationary object, driver injured in nontraffic accident); V27.1"
"(Motorcycle rider injured in collision with fixed or stationary object, passenger injured in nontraffic accident); V27.2"
"(Motorcycle rider injured in collision with fixed or stationary object, unspecified motorcycle rider injured in nontraffic"
"accident); V27.3 (Motorcycle rider injured in collision with fixed or stationary object, person injured while boarding or"
"alighting); V27.4 (Motorcycle rider injured in collision with fixed or stationary object, driver injured in traffic accident);"
"V27.5 (Motorcycle rider injured in collision with fixed or stationary object, passenger injured in traffic accident); V27.9"
"(Motorcycle rider injured in collision with fixed or stationary object, unspecified motorcycle rider injured in traffic"
"accident); V28.0 (Motorcycle rider injured in noncollision transport accident, driver injured in nontraffic accident); V28.1"
"(Motorcycle rider injured in noncollision transport accident, passenger injured in nontraffic accident); V28.2 (Motorcycle rider"
"injured in noncollision transport accident, unspecified motorcycle rider injured in nontraffic accident); V28.3 (Motorcycle"
"rider injured in noncollision transport accident, person injured while boarding or alighting); V28.4 (Motorcycle rider injured"
"in noncollision transport accident, driver injured in traffic accident); V28.5 (Motorcycle rider injured in noncollision"
"transport accident, passenger injured in traffic accident); V28.9 (Motorcycle rider injured in noncollision transport accident,"
"unspecified motorcycle rider injured in traffic accident); V29.0 (Driver injured in collision with other and unspecified motor"
"vehicles in nontraffic accident); V29.1 (Passenger injured in collision with other and unspecified motor vehicles in nontraffic"
"accident); V29.2 (Unspecified motorcycle rider injured in collision with other and unspecified motor vehicles in nontraffic"
"accident); V29.3 (Motorcycle rider [any] injured in unspecified nontraffic accident); V29.4 (Driver injured in collision with"
"other and unspecified motor vehicles in traffic accident); V29.5 (Passenger injured in collision with other and unspecified"
"motor vehicles in traffic accident); V29.6 (Unspecified motorcycle rider injured in collision with other and unspecified motor"
"vehicles in traffic accident); V29.8 (Motorcycle rider [any] injured in other specified transport accidents); V29.9 (Motorcycle"
"rider [any] injured in unspecified traffic accident); V30.0 (Occupant of three-wheeled motor vehicle injured in collision with"
"pedestrian or animal, driver injured in nontraffic accident); V30.1 (Occupant of three-wheeled motor vehicle injured in"
"collision with pedestrian or animal, passenger injured in nontraffic accident); V30.2 (Occupant of three-wheeled motor vehicle"
"injured in collision with pedestrian or animal, person on outside of vehicle injured in nontraffic accident); V30.3 (Occupant of"
"three-wheeled motor vehicle injured in collision with pedestrian or animal, unspecified occupant of three-wheeled motor vehicle"
"injured in nontraffic accident); V30.4 (Occupant of three-wheeled motor vehicle injured in collision with pedestrian or animal,"
"person injured while boarding or alighting); V30.5 (Occupant of three-wheeled motor vehicle injured in collision with pedestrian"
"or animal, driver injured in traffic accident); V30.6 (Occupant of three-wheeled motor vehicle injured in collision with"
"pedestrian or animal, passenger injured in traffic accident); V30.7 (Occupant of three-wheeled motor vehicle injured in"
"collision with pedestrian or animal, person on outside of vehicle injured in traffic accident); V30.9 (Occupant of three-wheeled"
"motor vehicle injured in collision with pedestrian or animal, unspecified occupant of three-wheeled motor vehicle injured in"
"traffic accident); V31.0 (Occupant of three-wheeled motor vehicle injured in collision with pedal cycle, driver injured in"
"nontraffic accident); V31.1 (Occupant of three-wheeled motor vehicle injured in collision with pedal cycle, passenger injured in"
"nontraffic accident); V31.2 (Occupant of three-wheeled motor vehicle injured in collision with pedal cycle, person on outside of"
"vehicle injured in nontraffic accident); V31.3 (Occupant of three-wheeled motor vehicle injured in collision with pedal cycle,"
"unspecified occupant of three-wheeled motor vehicle injured in nontraffic accident); V31.4 (Occupant of three-wheeled motor"
"vehicle injured in collision with pedal cycle, person injured while boarding or alighting); V31.5 (Occupant of three-wheeled"
"motor vehicle injured in collision with pedal cycle, driver injured in traffic accident); V31.6 (Occupant of three-wheeled motor"
"vehicle injured in collision with pedal cycle, passenger injured in traffic accident); V31.7 (Occupant of three-wheeled motor"
"vehicle injured in collision with pedal cycle, person on outside of vehicle injured in traffic accident); V31.9 (Occupant of"
"three-wheeled motor vehicle injured in collision with pedal cycle, unspecified occupant of three-wheeled motor vehicle injured"
"in traffic accident); V32.0 (Occupant of three-wheeled motor vehicle injured in collision with two- or three-wheeled motor"
"vehicle, driver injured in nontraffic accident); V32.1 (Occupant of three-wheeled motor vehicle injured in collision with two-"
"or three-wheeled motor vehicle, passenger injured in nontraffic accident); V32.2 (Occupant of three-wheeled motor vehicle"
"injured in collision with two- or three-wheeled motor vehicle, person on outside of vehicle injured in nontraffic accident);"
"V32.3 (Occupant of three-wheeled motor vehicle injured in collision with two- or three-wheeled motor vehicle, unspecified"
"occupant of three-wheeled motor vehicle injured in nontraffic accident); V32.4 (Occupant of three-wheeled motor vehicle injured"
"in collision with two- or three-wheeled motor vehicle, person injured while boarding or alighting); V32.5 (Occupant of"
"three-wheeled motor vehicle injured in collision with two- or three-wheeled motor vehicle, driver injured in traffic accident);"
"V32.6 (Occupant of three-wheeled motor vehicle injured in collision with two- or three-wheeled motor vehicle, passenger injured"
"in traffic accident); V32.7 (Occupant of three-wheeled motor vehicle injured in collision with two- or three-wheeled motor"
"vehicle, person on outside of vehicle injured in traffic accident); V32.9 (Occupant of three-wheeled motor vehicle injured in"
"collision with two- or three-wheeled motor vehicle, unspecified occupant of three-wheeled motor vehicle injured in traffic"
"accident); V33.0 (Occupant of three-wheeled motor vehicle injured in collision with car, pick-up truck or van, driver injured in"
"nontraffic accident); V33.1 (Occupant of three-wheeled motor vehicle injured in collision with car, pick-up truck or van,"
"passenger injured in nontraffic accident); V33.2 (Occupant of three-wheeled motor vehicle injured in collision with car, pick-up"
"truck or van, person on outside of vehicle injured in nontraffic accident); V33.3 (Occupant of three-wheeled motor vehicle"
"injured in collision with car, pick-up truck or van, unspecified occupant of three-wheeled motor vehicle injured in nontraffic"
"accident); V33.4 (Occupant of three-wheeled motor vehicle injured in collision with car, pick-up truck or van, person injured"
"while boarding or alighting); V33.5 (Occupant of three-wheeled motor vehicle injured in collision with car, pick-up truck or"
"van, driver injured in traffic accident); V33.6 (Occupant of three-wheeled motor vehicle injured in collision with car, pick-up"
"truck or van, passenger injured in traffic accident); V33.7 (Occupant of three-wheeled motor vehicle injured in collision with"
"car, pick-up truck or van, person on outside of vehicle injured in traffic accident); V33.9 (Occupant of three-wheeled motor"
"vehicle injured in collision with car, pick-up truck or van, unspecified occupant of three-wheeled motor vehicle injured in"
"traffic accident); V34.0 (Occupant of three-wheeled motor vehicle injured in collision with heavy transport vehicle or bus,"
"driver injured in nontraffic accident); V34.1 (Occupant of three-wheeled motor vehicle injured in collision with heavy transport"
"vehicle or bus, passenger injured in nontraffic accident); V34.2 (Occupant of three-wheeled motor vehicle injured in collision"
"with heavy transport vehicle or bus, person on outside of vehicle injured in nontraffic accident); V34.3 (Occupant of"
"three-wheeled motor vehicle injured in collision with heavy transport vehicle or bus, unspecified occupant of three-wheeled"
"motor vehicle injured in nontraffic accident); V34.4 (Occupant of three-wheeled motor vehicle injured in collision with heavy"
"transport vehicle or bus, person injured while boarding or alighting); V34.5 (Occupant of three-wheeled motor vehicle injured in"
"collision with heavy transport vehicle or bus, driver injured in traffic accident); V34.6 (Occupant of three-wheeled motor"
"vehicle injured in collision with heavy transport vehicle or bus, passenger injured in traffic accident); V34.7 (Occupant of"
"three-wheeled motor vehicle injured in collision with heavy transport vehicle or bus, person on outside of vehicle injured in"
"traffic accident); V34.9 (Occupant of three-wheeled motor vehicle injured in collision with heavy transport vehicle or bus,"
"unspecified occupant of three-wheeled motor vehicle injured in traffic accident); V35.0 (Occupant of three-wheeled motor vehicle"
"injured in collision with railway train or railway vehicle, driver injured in nontraffic accident); V35.1 (Occupant of"
"three-wheeled motor vehicle injured in collision with railway train or railway vehicle, passenger injured in nontraffic"
"accident); V35.2 (Occupant of three-wheeled motor vehicle injured in collision with railway train or railway vehicle, person on"
"outside of vehicle injured in nontraffic accident); V35.3 (Occupant of three-wheeled motor vehicle injured in collision with"
"railway train or railway vehicle, unspecified occupant of three-wheeled motor vehicle injured in nontraffic accident); V35.4"
"(Occupant of three-wheeled motor vehicle injured in collision with railway train or railway vehicle, person injured while"
"boarding or alighting); V35.5 (Occupant of three-wheeled motor vehicle injured in collision with railway train or railway"
"vehicle, driver injured in traffic accident); V35.6 (Occupant of three-wheeled motor vehicle injured in collision with railway"
"train or railway vehicle, passenger injured in traffic accident); V35.7 (Occupant of three-wheeled motor vehicle injured in"
"collision with railway train or railway vehicle, person on outside of vehicle injured in traffic accident); V35.9 (Occupant of"
"three-wheeled motor vehicle injured in collision with railway train or railway vehicle, unspecified occupant of three-wheeled"
"motor vehicle injured in traffic accident); V36.0 (Occupant of three-wheeled motor vehicle injured in collision with other"
"nonmotor vehicle, driver injured in nontraffic accident); V36.1 (Occupant of three-wheeled motor vehicle injured in collision"
"with other nonmotor vehicle, passenger injured in nontraffic accident); V36.2 (Occupant of three-wheeled motor vehicle injured"
"in collision with other nonmotor vehicle, person on outside of vehicle injured in nontraffic accident); V36.3 (Occupant of"
"three-wheeled motor vehicle injured in collision with other nonmotor vehicle, unspecified occupant of three-wheeled motor"
"vehicle injured in nontraffic accident); V36.4 (Occupant of three-wheeled motor vehicle injured in collision with other nonmotor"
"vehicle, person injured while boarding or alighting); V36.5 (Occupant of three-wheeled motor vehicle injured in collision with"
"other nonmotor vehicle, driver injured in traffic accident); V36.6 (Occupant of three-wheeled motor vehicle injured in collision"
"with other nonmotor vehicle, passenger injured in traffic accident); V36.7 (Occupant of three-wheeled motor vehicle injured in"
"collision with other nonmotor vehicle, person on outside of vehicle injured in traffic accident); V36.9 (Occupant of"
"three-wheeled motor vehicle injured in collision with other nonmotor vehicle, unspecified occupant of three-wheeled motor"
"vehicle injured in traffic accident); V37.0 (Occupant of three-wheeled motor vehicle injured in collision with fixed or"
"stationary object, driver injured in nontraffic accident); V37.1 (Occupant of three-wheeled motor vehicle injured in collision"
"with fixed or stationary object, passenger injured in nontraffic accident); V37.2 (Occupant of three-wheeled motor vehicle"
"injured in collision with fixed or stationary object, person on outside of vehicle injured in nontraffic accident); V37.3"
"(Occupant of three-wheeled motor vehicle injured in collision with fixed or stationary object, unspecified occupant of"
"three-wheeled motor vehicle injured in nontraffic accident); V37.4 (Occupant of three-wheeled motor vehicle injured in collision"
"with fixed or stationary object, person injured while boarding or alighting); V37.5 (Occupant of three-wheeled motor vehicle"
"injured in collision with fixed or stationary object, driver injured in traffic accident); V37.6 (Occupant of three-wheeled"
"motor vehicle injured in collision with fixed or stationary object, passenger injured in traffic accident); V37.7 (Occupant of"
"three-wheeled motor vehicle injured in collision with fixed or stationary object, person on outside of vehicle injured in"
"traffic accident); V37.9 (Occupant of three-wheeled motor vehicle injured in collision with fixed or stationary object,"
"unspecified occupant of three-wheeled motor vehicle injured in traffic accident); V38.0 (Occupant of three-wheeled motor vehicle"
"injured in noncollision transport accident, driver injured in nontraffic accident); V38.1 (Occupant of three-wheeled motor"
"vehicle injured in noncollision transport accident, passenger injured in nontraffic accident); V38.2 (Occupant of three-wheeled"
"motor vehicle injured in noncollision transport accident, person on outside of vehicle injured in nontraffic accident); V38.3"
"(Occupant of three-wheeled motor vehicle injured in noncollision transport accident, unspecified occupant of three-wheeled motor"
"vehicle injured in nontraffic accident); V38.4 (Occupant of three-wheeled motor vehicle injured in noncollision transport"
"accident, person injured while boarding or alighting); V38.5 (Occupant of three-wheeled motor vehicle injured in noncollision"
"transport accident, driver injured in traffic accident); V38.6 (Occupant of three-wheeled motor vehicle injured in noncollision"
"transport accident, passenger injured in traffic accident); V38.7 (Occupant of three-wheeled motor vehicle injured in"
"noncollision transport accident, person on outside of vehicle injured in traffic accident); V38.9 (Occupant of three-wheeled"
"motor vehicle injured in noncollision transport accident, unspecified occupant of three-wheeled motor vehicle injured in traffic"
"accident); V39.0 (Driver injured in collision with other and unspecified motor vehicles in nontraffic accident); V39.1"
"(Passenger injured in collision with other and unspecified motor vehicles in nontraffic accident); V39.2 (Unspecified occupant"
"of three-wheeled motor vehicle injured in collision with other and unspecified motor vehicles in nontraffic accident); V39.3"
"(Occupant [any] of three-wheeled motor vehicle injured in unspecified nontraffic accident); V39.4 (Driver injured in collision"
"with other and unspecified motor vehicles in traffic accident); V39.5 (Passenger injured in collision with other and unspecified"
"motor vehicles in traffic accident); V39.6 (Unspecified occupant of three-wheeled motor vehicle injured in collision with other"
"and unspecified motor vehicles in traffic accident); V39.8 (Occupant [any] of three-wheeled motor vehicle injured in other"
"specified transport accidents); V39.9 (Occupant [any] of three-wheeled motor vehicle injured in unspecified traffic accident);"
"V40.0 (Car occupant injured in collision with pedestrian or animal, driver injured in nontraffic accident); V40.1 (Car occupant"
"injured in collision with pedestrian or animal, passenger injured in nontraffic accident); V40.2 (Car occupant injured in"
"collision with pedestrian or animal, person on outside of vehicle injured in nontraffic accident); V40.3 (Car occupant injured"
"in collision with pedestrian or animal, unspecified car occupant injured in nontraffic accident); V40.4 (Car occupant injured in"
"collision with pedestrian or animal, person injured while boarding or alighting); V40.5 (Car occupant injured in collision with"
"pedestrian or animal, driver injured in traffic accident); V40.6 (Car occupant injured in collision with pedestrian or animal,"
"passenger injured in traffic accident); V40.7 (Car occupant injured in collision with pedestrian or animal, person on outside of"
"vehicle injured in traffic accident); V40.9 (Car occupant injured in collision with pedestrian or animal, unspecified car"
"occupant injured in traffic accident); V41.0 (Car occupant injured in collision with pedal cycle, driver injured in nontraffic"
"accident); V41.1 (Car occupant injured in collision with pedal cycle, passenger injured in nontraffic accident); V41.2 (Car"
"occupant injured in collision with pedal cycle, person on outside of vehicle injured in nontraffic accident); V41.3 (Car"
"occupant injured in collision with pedal cycle, unspecified car occupant injured in nontraffic accident); V41.4 (Car occupant"
"injured in collision with pedal cycle, person injured while boarding or alighting); V41.5 (Car occupant injured in collision"
"with pedal cycle, driver injured in traffic accident); V41.6 (Car occupant injured in collision with pedal cycle, passenger"
"injured in traffic accident); V41.7 (Car occupant injured in collision with pedal cycle, person on outside of vehicle injured in"
"traffic accident); V41.9 (Car occupant injured in collision with pedal cycle, unspecified car occupant injured in traffic"
"accident); V42.0 (Car occupant injured in collision with two- or three-wheeled motor vehicle, driver injured in nontraffic"
"accident); V42.1 (Car occupant injured in collision with two- or three-wheeled motor vehicle, passenger injured in nontraffic"
"accident); V42.2 (Car occupant injured in collision with two- or three-wheeled motor vehicle, person on outside of vehicle"
"injured in nontraffic accident); V42.3 (Car occupant injured in collision with two- or three-wheeled motor vehicle, unspecified"
"car occupant injured in nontraffic accident); V42.4 (Car occupant injured in collision with two- or three-wheeled motor vehicle,"
"person injured while boarding or alighting); V42.5 (Car occupant injured in collision with two- or three-wheeled motor vehicle,"
"driver injured in traffic accident); V42.6 (Car occupant injured in collision with two- or three-wheeled motor vehicle,"
"passenger injured in traffic accident); V42.7 (Car occupant injured in collision with two- or three-wheeled motor vehicle,"
"person on outside of vehicle injured in traffic accident); V42.9 (Car occupant injured in collision with two- or three-wheeled"
"motor vehicle, unspecified car occupant injured in traffic accident); V43.0 (Car occupant injured in collision with car, pick-up"
"truck or van, driver injured in nontraffic accident); V43.1 (Car occupant injured in collision with car, pick-up truck or van,"
"passenger injured in nontraffic accident); V43.2 (Car occupant injured in collision with car, pick-up truck or van, person on"
"outside of vehicle injured in nontraffic accident); V43.3 (Car occupant injured in collision with car, pick-up truck or van,"
"unspecified car occupant injured in nontraffic accident); V43.4 (Car occupant injured in collision with car, pick-up truck or"
"van, person injured while boarding or alighting); V43.5 (Car occupant injured in collision with car, pick-up truck or van,"
"driver injured in traffic accident); V43.6 (Car occupant injured in collision with car, pick-up truck or van, passenger injured"
"in traffic accident); V43.7 (Car occupant injured in collision with car, pick-up truck or van, person on outside of vehicle"
"injured in traffic accident); V43.9 (Car occupant injured in collision with car, pick-up truck or van, unspecified car occupant"
"injured in traffic accident); V44.0 (Car occupant injured in collision with heavy transport vehicle or bus, driver injured in"
"nontraffic accident); V44.1 (Car occupant injured in collision with heavy transport vehicle or bus, passenger injured in"
"nontraffic accident); V44.2 (Car occupant injured in collision with heavy transport vehicle or bus, person on outside of vehicle"
"injured in nontraffic accident); V44.3 (Car occupant injured in collision with heavy transport vehicle or bus, unspecified car"
"occupant injured in nontraffic accident); V44.4 (Car occupant injured in collision with heavy transport vehicle or bus, person"
"injured while boarding or alighting); V44.5 (Car occupant injured in collision with heavy transport vehicle or bus, driver"
"injured in traffic accident); V44.6 (Car occupant injured in collision with heavy transport vehicle or bus, passenger injured in"
"traffic accident); V44.7 (Car occupant injured in collision with heavy transport vehicle or bus, person on outside of vehicle"
"injured in traffic accident); V44.9 (Car occupant injured in collision with heavy transport vehicle or bus, unspecified car"
"occupant injured in traffic accident); V45.0 (Car occupant injured in collision with railway train or railway vehicle, driver"
"injured in nontraffic accident); V45.1 (Car occupant injured in collision with railway train or railway vehicle, passenger"
"injured in nontraffic accident); V45.2 (Car occupant injured in collision with railway train or railway vehicle, person on"
"outside of vehicle injured in nontraffic accident); V45.3 (Car occupant injured in collision with railway train or railway"
"vehicle, unspecified car occupant injured in nontraffic accident); V45.4 (Car occupant injured in collision with railway train"
"or railway vehicle, person injured while boarding or alighting); V45.5 (Car occupant injured in collision with railway train or"
"railway vehicle, driver injured in traffic accident); V45.6 (Car occupant injured in collision with railway train or railway"
"vehicle, passenger injured in traffic accident); V45.7 (Car occupant injured in collision with railway train or railway vehicle,"
"person on outside of vehicle injured in traffic accident); V45.9 (Car occupant injured in collision with railway train or"
"railway vehicle, unspecified car occupant injured in traffic accident); V46.0 (Car occupant injured in collision with other"
"nonmotor vehicle, driver injured in nontraffic accident); V46.1 (Car occupant injured in collision with other nonmotor vehicle,"
"passenger injured in nontraffic accident); V46.2 (Car occupant injured in collision with other nonmotor vehicle, person on"
"outside of vehicle injured in nontraffic accident); V46.3 (Car occupant injured in collision with other nonmotor vehicle,"
"unspecified car occupant injured in nontraffic accident); V46.4 (Car occupant injured in collision with other nonmotor vehicle,"
"person injured while boarding or alighting); V46.5 (Car occupant injured in collision with other nonmotor vehicle, driver"
"injured in traffic accident); V46.6 (Car occupant injured in collision with other nonmotor vehicle, passenger injured in traffic"
"accident); V46.7 (Car occupant injured in collision with other nonmotor vehicle, person on outside of vehicle injured in traffic"
"accident); V46.9 (Car occupant injured in collision with other nonmotor vehicle, unspecified car occupant injured in traffic"
"accident); V47.0 (Car occupant injured in collision with fixed or stationary object, driver injured in nontraffic accident);"
"V47.1 (Car occupant injured in collision with fixed or stationary object, passenger injured in nontraffic accident); V47.2 (Car"
"occupant injured in collision with fixed or stationary object, person on outside of vehicle injured in nontraffic accident);"
"V47.3 (Car occupant injured in collision with fixed or stationary object, unspecified car occupant injured in nontraffic"
"accident); V47.4 (Car occupant injured in collision with fixed or stationary object, person injured while boarding or"
"alighting); V47.5 (Car occupant injured in collision with fixed or stationary object, driver injured in traffic accident); V47.6"
"(Car occupant injured in collision with fixed or stationary object, passenger injured in traffic accident); V47.7 (Car occupant"
"injured in collision with fixed or stationary object, person on outside of vehicle injured in traffic accident); V47.9 (Car"
"occupant injured in collision with fixed or stationary object, unspecified car occupant injured in traffic accident); V48.0 (Car"
"occupant injured in noncollision transport accident, driver injured in nontraffic accident); V48.1 (Car occupant injured in"
"noncollision transport accident, passenger injured in nontraffic accident); V48.2 (Car occupant injured in noncollision"
"transport accident, person on outside of vehicle injured in nontraffic accident); V48.3 (Car occupant injured in noncollision"
"transport accident, unspecified car occupant injured in nontraffic accident); V48.4 (Car occupant injured in noncollision"
"transport accident, person injured while boarding or alighting); V48.5 (Car occupant injured in noncollision transport accident,"
"driver injured in traffic accident); V48.6 (Car occupant injured in noncollision transport accident, passenger injured in"
"traffic accident); V48.7 (Car occupant injured in noncollision transport accident, person on outside of vehicle injured in"
"traffic accident); V48.9 (Car occupant injured in noncollision transport accident, unspecified car occupant injured in traffic"
"accident); V49.0 (Driver injured in collision with other and unspecified motor vehicles in nontraffic accident); V49.1"
"(Passenger injured in collision with other and unspecified motor vehicles in nontraffic accident); V49.2 (Unspecified car"
"occupant injured in collision with other and unspecified motor vehicles in nontraffic accident); V49.3 (Car occupant [any]"
"injured in unspecified nontraffic accident); V49.4 (Driver injured in collision with other and unspecified motor vehicles in"
"traffic accident); V49.5 (Passenger injured in collision with other and unspecified motor vehicles in traffic accident); V49.6"
"(Unspecified car occupant injured in collision with other and unspecified motor vehicles in traffic accident); V49.8 (Car"
"occupant [any] injured in other specified transport accidents); V49.9 (Car occupant [any] injured in unspecified traffic"
"accident); V50.0 (Occupant of pick-up truck or van injured in collision with pedestrian or animal, driver injured in nontraffic"
"accident); V50.1 (Occupant of pick-up truck or van injured in collision with pedestrian or animal, passenger injured in"
"nontraffic accident); V50.2 (Occupant of pick-up truck or van injured in collision with pedestrian or animal, person on outside"
"of vehicle injured in nontraffic accident); V50.3 (Occupant of pick-up truck or van injured in collision with pedestrian or"
"animal, unspecified occupant of pick-up truck or van injured in nontraffic accident); V50.4 (Occupant of pick-up truck or van"
"injured in collision with pedestrian or animal, person injured while boarding or alighting); V50.5 (Occupant of pick-up truck or"
"van injured in collision with pedestrian or animal, driver injured in traffic accident); V50.6 (Occupant of pick-up truck or van"
"injured in collision with pedestrian or animal, passenger injured in traffic accident); V50.7 (Occupant of pick-up truck or van"
"injured in collision with pedestrian or animal, person on outside of vehicle injured in traffic accident); V50.9 (Occupant of"
"pick-up truck or van injured in collision with pedestrian or animal, unspecified occupant of pick-up truck or van injured in"
"traffic accident); V51.0 (Occupant of pick-up truck or van injured in collision with pedal cycle, driver injured in nontraffic"
"accident); V51.1 (Occupant of pick-up truck or van injured in collision with pedal cycle, passenger injured in nontraffic"
"accident); V51.2 (Occupant of pick-up truck or van injured in collision with pedal cycle, person on outside of vehicle injured"
"in nontraffic accident); V51.3 (Occupant of pick-up truck or van injured in collision with pedal cycle, unspecified occupant of"
"pick-up truck or van injured in nontraffic accident); V51.4 (Occupant of pick-up truck or van injured in collision with pedal"
"cycle, person injured while boarding or alighting); V51.5 (Occupant of pick-up truck or van injured in collision with pedal"
"cycle, driver injured in traffic accident); V51.6 (Occupant of pick-up truck or van injured in collision with pedal cycle,"
"passenger injured in traffic accident); V51.7 (Occupant of pick-up truck or van injured in collision with pedal cycle, person on"
"outside of vehicle injured in traffic accident); V51.9 (Occupant of pick-up truck or van injured in collision with pedal cycle,"
"unspecified occupant of pick-up truck or van injured in traffic accident); V52.0 (Occupant of pick-up truck or van injured in"
"collision with two- or three-wheeled motor vehicle, driver injured in nontraffic accident); V52.1 (Occupant of pick-up truck or"
"van injured in collision with two- or three-wheeled motor vehicle, passenger injured in nontraffic accident); V52.2 (Occupant of"
"pick-up truck or van injured in collision with two- or three-wheeled motor vehicle, person on outside of vehicle injured in"
"nontraffic accident); V52.3 (Occupant of pick-up truck or van injured in collision with two- or three-wheeled motor vehicle,"
"unspecified occupant of pick-up truck or van injured in nontraffic accident); V52.4 (Occupant of pick-up truck or van injured in"
"collision with two- or three-wheeled motor vehicle, person injured while boarding or alighting); V52.5 (Occupant of pick-up"
"truck or van injured in collision with two- or three-wheeled motor vehicle, driver injured in traffic accident); V52.6 (Occupant"
"of pick-up truck or van injured in collision with two- or three-wheeled motor vehicle, passenger injured in traffic accident);"
"V52.7 (Occupant of pick-up truck or van injured in collision with two- or three-wheeled motor vehicle, person on outside of"
"vehicle injured in traffic accident); V52.9 (Occupant of pick-up truck or van injured in collision with two- or three-wheeled"
"motor vehicle, unspecified occupant of pick-up truck or van injured in traffic accident); V53.0 (Occupant of pick-up truck or"
"van injured in collision with car, pick-up truck or van, driver injured in nontraffic accident); V53.1 (Occupant of pick-up"
"truck or van injured in collision with car, pick-up truck or van, passenger injured in nontraffic accident); V53.2 (Occupant of"
"pick-up truck or van injured in collision with car, pick-up truck or van, person on outside of vehicle injured in nontraffic"
"accident); V53.3 (Occupant of pick-up truck or van injured in collision with car, pick-up truck or van, unspecified occupant of"
"pick-up truck or van injured in nontraffic accident); V53.4 (Occupant of pick-up truck or van injured in collision with car,"
"pick-up truck or van, person injured while boarding or alighting); V53.5 (Occupant of pick-up truck or van injured in collision"
"with car, pick-up truck or van, driver injured in traffic accident); V53.6 (Occupant of pick-up truck or van injured in"
"collision with car, pick-up truck or van, passenger injured in traffic accident); V53.7 (Occupant of pick-up truck or van"
"injured in collision with car, pick-up truck or van, person on outside of vehicle injured in traffic accident); V53.9 (Occupant"
"of pick-up truck or van injured in collision with car, pick-up truck or van, unspecified occupant of pick-up truck or van"
"injured in traffic accident); V54.0 (Occupant of pick-up truck or van injured in collision with heavy transport vehicle or bus,"
"driver injured in nontraffic accident); V54.1 (Occupant of pick-up truck or van injured in collision with heavy transport"
"vehicle or bus, passenger injured in nontraffic accident); V54.2 (Occupant of pick-up truck or van injured in collision with"
"heavy transport vehicle or bus, person on outside of vehicle injured in nontraffic accident); V54.3 (Occupant of pick-up truck"
"or van injured in collision with heavy transport vehicle or bus, unspecified occupant of pick-up truck or van injured in"
"nontraffic accident); V54.4 (Occupant of pick-up truck or van injured in collision with heavy transport vehicle or bus, person"
"injured while boarding or alighting); V54.5 (Occupant of pick-up truck or van injured in collision with heavy transport vehicle"
"or bus, driver injured in traffic accident); V54.6 (Occupant of pick-up truck or van injured in collision with heavy transport"
"vehicle or bus, passenger injured in traffic accident); V54.7 (Occupant of pick-up truck or van injured in collision with heavy"
"transport vehicle or bus, person on outside of vehicle injured in traffic accident); V54.9 (Occupant of pick-up truck or van"
"injured in collision with heavy transport vehicle or bus, unspecified occupant of pick-up truck or van injured in traffic"
"accident); V55.0 (Occupant of pick-up truck or van injured in collision with railway train or railway vehicle, driver injured in"
"nontraffic accident); V55.1 (Occupant of pick-up truck or van injured in collision with railway train or railway vehicle,"
"passenger injured in nontraffic accident); V55.2 (Occupant of pick-up truck or van injured in collision with railway train or"
"railway vehicle, person on outside of vehicle injured in nontraffic accident); V55.3 (Occupant of pick-up truck or van injured"
"in collision with railway train or railway vehicle, unspecified occupant of pick-up truck or van injured in nontraffic"
"accident); V55.4 (Occupant of pick-up truck or van injured in collision with railway train or railway vehicle, person injured"
"while boarding or alighting); V55.5 (Occupant of pick-up truck or van injured in collision with railway train or railway"
"vehicle, driver injured in traffic accident); V55.6 (Occupant of pick-up truck or van injured in collision with railway train or"
"railway vehicle, passenger injured in traffic accident); V55.7 (Occupant of pick-up truck or van injured in collision with"
"railway train or railway vehicle, person on outside of vehicle injured in traffic accident); V55.9 (Occupant of pick-up truck or"
"van injured in collision with railway train or railway vehicle, unspecified occupant of pick-up truck or van injured in traffic"
"accident); V56.0 (Occupant of pick-up truck or van injured in collision with other nonmotor vehicle, driver injured in"
"nontraffic accident); V56.1 (Occupant of pick-up truck or van injured in collision with other nonmotor vehicle, passenger"
"injured in nontraffic accident); V56.2 (Occupant of pick-up truck or van injured in collision with other nonmotor vehicle,"
"person on outside of vehicle injured in nontraffic accident); V56.3 (Occupant of pick-up truck or van injured in collision with"
"other nonmotor vehicle, unspecified occupant of pick-up truck or van injured in nontraffic accident); V56.4 (Occupant of pick-up"
"truck or van injured in collision with other nonmotor vehicle, person injured while boarding or alighting); V56.5 (Occupant of"
"pick-up truck or van injured in collision with other nonmotor vehicle, driver injured in traffic accident); V56.6 (Occupant of"
"pick-up truck or van injured in collision with other nonmotor vehicle, passenger injured in traffic accident); V56.7 (Occupant"
"of pick-up truck or van injured in collision with other nonmotor vehicle, person on outside of vehicle injured in traffic"
"accident); V56.9 (Occupant of pick-up truck or van injured in collision with other nonmotor vehicle, unspecified occupant of"
"pick-up truck or van injured in traffic accident); V57.0 (Occupant of pick-up truck or van injured in collision with fixed or"
"stationary object, driver injured in nontraffic accident); V57.1 (Occupant of pick-up truck or van injured in collision with"
"fixed or stationary object, passenger injured in nontraffic accident); V57.2 (Occupant of pick-up truck or van injured in"
"collision with fixed or stationary object, person on outside of vehicle injured in nontraffic accident); V57.3 (Occupant of"
"pick-up truck or van injured in collision with fixed or stationary object, unspecified occupant of pick-up truck or van injured"
"in nontraffic accident); V57.4 (Occupant of pick-up truck or van injured in collision with fixed or stationary object, person"
"injured while boarding or alighting); V57.5 (Occupant of pick-up truck or van injured in collision with fixed or stationary"
"object, driver injured in traffic accident); V57.6 (Occupant of pick-up truck or van injured in collision with fixed or"
"stationary object, passenger injured in traffic accident); V57.7 (Occupant of pick-up truck or van injured in collision with"
"fixed or stationary object, person on outside of vehicle injured in traffic accident); V57.9 (Occupant of pick-up truck or van"
"injured in collision with fixed or stationary object, unspecified occupant of pick-up truck or van injured in traffic accident);"
"V58.0 (Occupant of pick-up truck or van injured in noncollision transport accident, driver injured in nontraffic accident);"
"V58.1 (Occupant of pick-up truck or van injured in noncollision transport accident, passenger injured in nontraffic accident);"
"V58.2 (Occupant of pick-up truck or van injured in noncollision transport accident, person on outside of vehicle injured in"
"nontraffic accident); V58.3 (Occupant of pick-up truck or van injured in noncollision transport accident, unspecified occupant"
"of pick-up truck or van injured in nontraffic accident); V58.4 (Occupant of pick-up truck or van injured in noncollision"
"transport accident, person injured while boarding or alighting); V58.5 (Occupant of pick-up truck or van injured in noncollision"
"transport accident, driver injured in traffic accident); V58.6 (Occupant of pick-up truck or van injured in noncollision"
"transport accident, passenger injured in traffic accident); V58.7 (Occupant of pick-up truck or van injured in noncollision"
"transport accident, person on outside of vehicle injured in traffic accident); V58.9 (Occupant of pick-up truck or van injured"
"in noncollision transport accident, unspecified occupant of pick-up truck or van injured in traffic accident); V59.0 (Driver"
"injured in collision with other and unspecified motor vehicles in nontraffic accident); V59.1 (Passenger injured in collision"
"with other and unspecified motor vehicles in nontraffic accident); V59.2 (Unspecified occupant of pick-up truck or van injured"
"in collision with other and unspecified motor vehicles in nontraffic accident); V59.3 (Occupant [any] of pick-up truck or van"
"injured in unspecified nontraffic accident); V59.4 (Driver injured in collision with other and unspecified motor vehicles in"
"traffic accident); V59.5 (Passenger injured in collision with other and unspecified motor vehicles in traffic accident); V59.6"
"(Unspecified occupant of pick-up truck or van injured in collision with other and unspecified motor vehicles in traffic"
"accident); V59.8 (Occupant [any] of pick-up truck or van injured in other specified transport accidents); V59.9 (Occupant [any]"
"of pick-up truck or van injured in unspecified traffic accident); V60.0 (Occupant of heavy transport vehicle injured in"
"collision with pedestrian or animal, driver injured in nontraffic accident); V60.1 (Occupant of heavy transport vehicle injured"
"in collision with pedestrian or animal, passenger injured in nontraffic accident); V60.2 (Occupant of heavy transport vehicle"
"injured in collision with pedestrian or animal, person on outside of vehicle injured in nontraffic accident); V60.3 (Occupant of"
"heavy transport vehicle injured in collision with pedestrian or animal, unspecified occupant of heavy transport vehicle injured"
"in nontraffic accident); V60.4 (Occupant of heavy transport vehicle injured in collision with pedestrian or animal, person"
"injured while boarding or alighting); V60.5 (Occupant of heavy transport vehicle injured in collision with pedestrian or animal,"
"driver injured in traffic accident); V60.6 (Occupant of heavy transport vehicle injured in collision with pedestrian or animal,"
"passenger injured in traffic accident); V60.7 (Occupant of heavy transport vehicle injured in collision with pedestrian or"
"animal, person on outside of vehicle injured in traffic accident); V60.9 (Occupant of heavy transport vehicle injured in"
"collision with pedestrian or animal, unspecified occupant of heavy transport vehicle injured in traffic accident); V61.0"
"(Occupant of heavy transport vehicle injured in collision with pedal cycle, driver injured in nontraffic accident); V61.1"
"(Occupant of heavy transport vehicle injured in collision with pedal cycle, passenger injured in nontraffic accident); V61.2"
"(Occupant of heavy transport vehicle injured in collision with pedal cycle, person on outside of vehicle injured in nontraffic"
"accident); V61.3 (Occupant of heavy transport vehicle injured in collision with pedal cycle, unspecified occupant of heavy"
"transport vehicle injured in nontraffic accident); V61.4 (Occupant of heavy transport vehicle injured in collision with pedal"
"cycle, person injured while boarding or alighting); V61.5 (Occupant of heavy transport vehicle injured in collision with pedal"
"cycle, driver injured in traffic accident); V61.6 (Occupant of heavy transport vehicle injured in collision with pedal cycle,"
"passenger injured in traffic accident); V61.7 (Occupant of heavy transport vehicle injured in collision with pedal cycle, person"
"on outside of vehicle injured in traffic accident); V61.9 (Occupant of heavy transport vehicle injured in collision with pedal"
"cycle, unspecified occupant of heavy transport vehicle injured in traffic accident); V62.0 (Occupant of heavy transport vehicle"
"injured in collision with two- or three-wheeled motor vehicle, driver injured in nontraffic accident); V62.1 (Occupant of heavy"
"transport vehicle injured in collision with two- or three-wheeled motor vehicle, passenger injured in nontraffic accident);"
"V62.2 (Occupant of heavy transport vehicle injured in collision with two- or three-wheeled motor vehicle, person on outside of"
"vehicle injured in nontraffic accident); V62.3 (Occupant of heavy transport vehicle injured in collision with two- or"
"three-wheeled motor vehicle, unspecified occupant of heavy transport vehicle injured in nontraffic accident); V62.4 (Occupant of"
"heavy transport vehicle injured in collision with two- or three-wheeled motor vehicle, person injured while boarding or"
"alighting); V62.5 (Occupant of heavy transport vehicle injured in collision with two- or three-wheeled motor vehicle, driver"
"injured in traffic accident); V62.6 (Occupant of heavy transport vehicle injured in collision with two- or three-wheeled motor"
"vehicle, passenger injured in traffic accident); V62.7 (Occupant of heavy transport vehicle injured in collision with two- or"
"three-wheeled motor vehicle, person on outside of vehicle injured in traffic accident); V62.9 (Occupant of heavy transport"
"vehicle injured in collision with two- or three-wheeled motor vehicle, unspecified occupant of heavy transport vehicle injured"
"in traffic accident); V63.0 (Occupant of heavy transport vehicle injured in collision with car, pick-up truck or van, driver"
"injured in nontraffic accident); V63.1 (Occupant of heavy transport vehicle injured in collision with car, pick-up truck or van,"
"passenger injured in nontraffic accident); V63.2 (Occupant of heavy transport vehicle injured in collision with car, pick-up"
"truck or van, person on outside of vehicle injured in nontraffic accident); V63.3 (Occupant of heavy transport vehicle injured"
"in collision with car, pick-up truck or van, unspecified occupant of heavy transport vehicle injured in nontraffic accident);"
"V63.4 (Occupant of heavy transport vehicle injured in collision with car, pick-up truck or van, person injured while boarding or"
"alighting); V63.5 (Occupant of heavy transport vehicle injured in collision with car, pick-up truck or van, driver injured in"
"traffic accident); V63.6 (Occupant of heavy transport vehicle injured in collision with car, pick-up truck or van, passenger"
"injured in traffic accident); V63.7 (Occupant of heavy transport vehicle injured in collision with car, pick-up truck or van,"
"person on outside of vehicle injured in traffic accident); V63.9 (Occupant of heavy transport vehicle injured in collision with"
"car, pick-up truck or van, unspecified occupant of heavy transport vehicle injured in traffic accident); V64.0 (Occupant of"
"heavy transport vehicle injured in collision with heavy transport vehicle or bus, driver injured in nontraffic accident); V64.1"
"(Occupant of heavy transport vehicle injured in collision with heavy transport vehicle or bus, passenger injured in nontraffic"
"accident); V64.2 (Occupant of heavy transport vehicle injured in collision with heavy transport vehicle or bus, person on"
"outside of vehicle injured in nontraffic accident); V64.3 (Occupant of heavy transport vehicle injured in collision with heavy"
"transport vehicle or bus, unspecified occupant of heavy transport vehicle injured in nontraffic accident); V64.4 (Occupant of"
"heavy transport vehicle injured in collision with heavy transport vehicle or bus, person injured while boarding or alighting);"
"V64.5 (Occupant of heavy transport vehicle injured in collision with heavy transport vehicle or bus, driver injured in traffic"
"accident); V64.6 (Occupant of heavy transport vehicle injured in collision with heavy transport vehicle or bus, passenger"
"injured in traffic accident); V64.7 (Occupant of heavy transport vehicle injured in collision with heavy transport vehicle or"
"bus, person on outside of vehicle injured in traffic accident); V64.9 (Occupant of heavy transport vehicle injured in collision"
"with heavy transport vehicle or bus, unspecified occupant of heavy transport vehicle injured in traffic accident); V65.0"
"(Occupant of heavy transport vehicle injured in collision with railway train or railway vehicle, driver injured in nontraffic"
"accident); V65.1 (Occupant of heavy transport vehicle injured in collision with railway train or railway vehicle, passenger"
"injured in nontraffic accident); V65.2 (Occupant of heavy transport vehicle injured in collision with railway train or railway"
"vehicle, person on outside of vehicle injured in nontraffic accident); V65.3 (Occupant of heavy transport vehicle injured in"
"collision with railway train or railway vehicle, unspecified occupant of heavy transport vehicle injured in nontraffic"
"accident); V65.4 (Occupant of heavy transport vehicle injured in collision with railway train or railway vehicle, person injured"
"while boarding or alighting); V65.5 (Occupant of heavy transport vehicle injured in collision with railway train or railway"
"vehicle, driver injured in traffic accident); V65.6 (Occupant of heavy transport vehicle injured in collision with railway train"
"or railway vehicle, passenger injured in traffic accident); V65.7 (Occupant of heavy transport vehicle injured in collision with"
"railway train or railway vehicle, person on outside of vehicle injured in traffic accident); V65.9 (Occupant of heavy transport"
"vehicle injured in collision with railway train or railway vehicle, unspecified occupant of heavy transport vehicle injured in"
"traffic accident); V66.0 (Occupant of heavy transport vehicle injured in collision with other nonmotor vehicle, driver injured"
"in nontraffic accident); V66.1 (Occupant of heavy transport vehicle injured in collision with other nonmotor vehicle, passenger"
"injured in nontraffic accident); V66.2 (Occupant of heavy transport vehicle injured in collision with other nonmotor vehicle,"
"person on outside of vehicle injured in nontraffic accident); V66.3 (Occupant of heavy transport vehicle injured in collision"
"with other nonmotor vehicle, unspecified occupant of heavy transport vehicle injured in nontraffic accident); V66.4 (Occupant of"
"heavy transport vehicle injured in collision with other nonmotor vehicle, person injured while boarding or alighting); V66.5"
"(Occupant of heavy transport vehicle injured in collision with other nonmotor vehicle, driver injured in traffic accident);"
"V66.6 (Occupant of heavy transport vehicle injured in collision with other nonmotor vehicle, passenger injured in traffic"
"accident); V66.7 (Occupant of heavy transport vehicle injured in collision with other nonmotor vehicle, person on outside of"
"vehicle injured in traffic accident); V66.9 (Occupant of heavy transport vehicle injured in collision with other nonmotor"
"vehicle, unspecified occupant of heavy transport vehicle injured in traffic accident); V67.0 (Occupant of heavy transport"
"vehicle injured in collision with fixed or stationary object, driver injured in nontraffic accident); V67.1 (Occupant of heavy"
"transport vehicle injured in collision with fixed or stationary object, passenger injured in nontraffic accident); V67.2"
"(Occupant of heavy transport vehicle injured in collision with fixed or stationary object, person on outside of vehicle injured"
"in nontraffic accident); V67.3 (Occupant of heavy transport vehicle injured in collision with fixed or stationary object,"
"unspecified occupant of heavy transport vehicle injured in nontraffic accident); V67.4 (Occupant of heavy transport vehicle"
"injured in collision with fixed or stationary object, person injured while boarding or alighting); V67.5 (Occupant of heavy"
"transport vehicle injured in collision with fixed or stationary object, driver injured in traffic accident); V67.6 (Occupant of"
"heavy transport vehicle injured in collision with fixed or stationary object, passenger injured in traffic accident); V67.7"
"(Occupant of heavy transport vehicle injured in collision with fixed or stationary object, person on outside of vehicle injured"
"in traffic accident); V67.9 (Occupant of heavy transport vehicle injured in collision with fixed or stationary object,"
"unspecified occupant of heavy transport vehicle injured in traffic accident); V68.0 (Occupant of heavy transport vehicle injured"
"in noncollision transport accident, driver injured in nontraffic accident); V68.1 (Occupant of heavy transport vehicle injured"
"in noncollision transport accident, passenger injured in nontraffic accident); V68.2 (Occupant of heavy transport vehicle"
"injured in noncollision transport accident, person on outside of vehicle injured in nontraffic accident); V68.3 (Occupant of"
"heavy transport vehicle injured in noncollision transport accident, unspecified occupant of heavy transport vehicle injured in"
"nontraffic accident); V68.4 (Occupant of heavy transport vehicle injured in noncollision transport accident, person injured"
"while boarding or alighting); V68.5 (Occupant of heavy transport vehicle injured in noncollision transport accident, driver"
"injured in traffic accident); V68.6 (Occupant of heavy transport vehicle injured in noncollision transport accident, passenger"
"injured in traffic accident); V68.7 (Occupant of heavy transport vehicle injured in noncollision transport accident, person on"
"outside of vehicle injured in traffic accident); V68.9 (Occupant of heavy transport vehicle injured in noncollision transport"
"accident, unspecified occupant of heavy transport vehicle injured in traffic accident); V69.0 (Driver injured in collision with"
"other and unspecified motor vehicles in nontraffic accident); V69.1 (Passenger injured in collision with other and unspecified"
"motor vehicles in nontraffic accident); V69.2 (Unspecified occupant of heavy transport vehicle injured in collision with other"
"and unspecified motor vehicles in nontraffic accident); V69.3 (Occupant [any] of heavy transport vehicle injured in unspecified"
"nontraffic accident); V69.4 (Driver injured in collision with other and unspecified motor vehicles in traffic accident); V69.5"
"(Passenger injured in collision with other and unspecified motor vehicles in traffic accident); V69.6 (Unspecified occupant of"
"heavy transport vehicle injured in collision with other and unspecified motor vehicles in traffic accident); V69.8 (Occupant"
"[any] of heavy transport vehicle injured in other specified transport accidents); V69.9 (Occupant [any] of heavy transport"
"vehicle injured in unspecified traffic accident); V70.0 (Bus occupant injured in collision with pedestrian or animal, driver"
"injured in nontraffic accident); V70.1 (Bus occupant injured in collision with pedestrian or animal, passenger injured in"
"nontraffic accident); V70.2 (Bus occupant injured in collision with pedestrian or animal, person on outside of vehicle injured"
"in nontraffic accident); V70.3 (Bus occupant injured in collision with pedestrian or animal, unspecified bus occupant injured in"
"nontraffic accident); V70.4 (Bus occupant injured in collision with pedestrian or animal, person injured while boarding or"
"alighting); V70.5 (Bus occupant injured in collision with pedestrian or animal, driver injured in traffic accident); V70.6 (Bus"
"occupant injured in collision with pedestrian or animal, passenger injured in traffic accident); V70.7 (Bus occupant injured in"
"collision with pedestrian or animal, person on outside of vehicle injured in traffic accident); V70.9 (Bus occupant injured in"
"collision with pedestrian or animal, unspecified bus occupant injured in traffic accident); V71.0 (Bus occupant injured in"
"collision with pedal cycle, driver injured in nontraffic accident); V71.1 (Bus occupant injured in collision with pedal cycle,"
"passenger injured in nontraffic accident); V71.2 (Bus occupant injured in collision with pedal cycle, person on outside of"
"vehicle injured in nontraffic accident); V71.3 (Bus occupant injured in collision with pedal cycle, unspecified bus occupant"
"injured in nontraffic accident); V71.4 (Bus occupant injured in collision with pedal cycle, person injured while boarding or"
"alighting); V71.5 (Bus occupant injured in collision with pedal cycle, driver injured in traffic accident); V71.6 (Bus occupant"
"injured in collision with pedal cycle, passenger injured in traffic accident); V71.7 (Bus occupant injured in collision with"
"pedal cycle, person on outside of vehicle injured in traffic accident); V71.9 (Bus occupant injured in collision with pedal"
"cycle, unspecified bus occupant injured in traffic accident); V72.0 (Bus occupant injured in collision with two- or"
"three-wheeled motor vehicle, driver injured in nontraffic accident); V72.1 (Bus occupant injured in collision with two- or"
"three-wheeled motor vehicle, passenger injured in nontraffic accident); V72.2 (Bus occupant injured in collision with two- or"
"three-wheeled motor vehicle, person on outside of vehicle injured in nontraffic accident); V72.3 (Bus occupant injured in"
"collision with two- or three-wheeled motor vehicle, unspecified bus occupant injured in nontraffic accident); V72.4 (Bus"
"occupant injured in collision with two- or three-wheeled motor vehicle, person injured while boarding or alighting); V72.5 (Bus"
"occupant injured in collision with two- or three-wheeled motor vehicle, driver injured in traffic accident); V72.6 (Bus occupant"
"injured in collision with two- or three-wheeled motor vehicle, passenger injured in traffic accident); V72.7 (Bus occupant"
"injured in collision with two- or three-wheeled motor vehicle, person on outside of vehicle injured in traffic accident); V72.9"
"(Bus occupant injured in collision with two- or three-wheeled motor vehicle, unspecified bus occupant injured in traffic"
"accident); V73.0 (Bus occupant injured in collision with car, pick-up truck or van, driver injured in nontraffic accident);"
"V73.1 (Bus occupant injured in collision with car, pick-up truck or van, passenger injured in nontraffic accident); V73.2 (Bus"
"occupant injured in collision with car, pick-up truck or van, person on outside of vehicle injured in nontraffic accident);"
"V73.3 (Bus occupant injured in collision with car, pick-up truck or van, unspecified bus occupant injured in nontraffic"
"accident); V73.4 (Bus occupant injured in collision with car, pick-up truck or van, person injured while boarding or alighting);"
"V73.5 (Bus occupant injured in collision with car, pick-up truck or van, driver injured in traffic accident); V73.6 (Bus"
"occupant injured in collision with car, pick-up truck or van, passenger injured in traffic accident); V73.7 (Bus occupant"
"injured in collision with car, pick-up truck or van, person on outside of vehicle injured in traffic accident); V73.9 (Bus"
"occupant injured in collision with car, pick-up truck or van, unspecified bus occupant injured in traffic accident); V74.0 (Bus"
"occupant injured in collision with heavy transport vehicle or bus, driver injured in nontraffic accident); V74.1 (Bus occupant"
"injured in collision with heavy transport vehicle or bus, passenger injured in nontraffic accident); V74.2 (Bus occupant injured"
"in collision with heavy transport vehicle or bus, person on outside of vehicle injured in nontraffic accident); V74.3 (Bus"
"occupant injured in collision with heavy transport vehicle or bus, unspecified bus occupant injured in nontraffic accident);"
"V74.4 (Bus occupant injured in collision with heavy transport vehicle or bus, person injured while boarding or alighting); V74.5"
"(Bus occupant injured in collision with heavy transport vehicle or bus, driver injured in traffic accident); V74.6 (Bus occupant"
"injured in collision with heavy transport vehicle or bus, passenger injured in traffic accident); V74.7 (Bus occupant injured in"
"collision with heavy transport vehicle or bus, person on outside of vehicle injured in traffic accident); V74.9 (Bus occupant"
"injured in collision with heavy transport vehicle or bus, unspecified bus occupant injured in traffic accident); V75.0 (Bus"
"occupant injured in collision with railway train or railway vehicle, driver injured in nontraffic accident); V75.1 (Bus occupant"
"injured in collision with railway train or railway vehicle, passenger injured in nontraffic accident); V75.2 (Bus occupant"
"injured in collision with railway train or railway vehicle, person on outside of vehicle injured in nontraffic accident); V75.3"
"(Bus occupant injured in collision with railway train or railway vehicle, unspecified bus occupant injured in nontraffic"
"accident); V75.4 (Bus occupant injured in collision with railway train or railway vehicle, person injured while boarding or"
"alighting); V75.5 (Bus occupant injured in collision with railway train or railway vehicle, driver injured in traffic accident);"
"V75.6 (Bus occupant injured in collision with railway train or railway vehicle, passenger injured in traffic accident); V75.7"
"(Bus occupant injured in collision with railway train or railway vehicle, person on outside of vehicle injured in traffic"
"accident); V75.9 (Bus occupant injured in collision with railway train or railway vehicle, unspecified bus occupant injured in"
"traffic accident); V76.0 (Bus occupant injured in collision with other nonmotor vehicle, driver injured in nontraffic accident);"
"V76.1 (Bus occupant injured in collision with other nonmotor vehicle, passenger injured in nontraffic accident); V76.2 (Bus"
"occupant injured in collision with other nonmotor vehicle, person on outside of vehicle injured in nontraffic accident); V76.3"
"(Bus occupant injured in collision with other nonmotor vehicle, unspecified bus occupant injured in nontraffic accident); V76.4"
"(Bus occupant injured in collision with other nonmotor vehicle, person injured while boarding or alighting); V76.5 (Bus occupant"
"injured in collision with other nonmotor vehicle, driver injured in traffic accident); V76.6 (Bus occupant injured in collision"
"with other nonmotor vehicle, passenger injured in traffic accident); V76.7 (Bus occupant injured in collision with other"
"nonmotor vehicle, person on outside of vehicle injured in traffic accident); V76.9 (Bus occupant injured in collision with other"
"nonmotor vehicle, unspecified bus occupant injured in traffic accident); V77.0 (Bus occupant injured in collision with fixed or"
"stationary object, driver injured in nontraffic accident); V77.1 (Bus occupant injured in collision with fixed or stationary"
"object, passenger injured in nontraffic accident); V77.2 (Bus occupant injured in collision with fixed or stationary object,"
"person on outside of vehicle injured in nontraffic accident); V77.3 (Bus occupant injured in collision with fixed or stationary"
"object, unspecified bus occupant injured in nontraffic accident); V77.4 (Bus occupant injured in collision with fixed or"
"stationary object, person injured while boarding or alighting); V77.5 (Bus occupant injured in collision with fixed or"
"stationary object, driver injured in traffic accident); V77.6 (Bus occupant injured in collision with fixed or stationary"
"object, passenger injured in traffic accident); V77.7 (Bus occupant injured in collision with fixed or stationary object, person"
"on outside of vehicle injured in traffic accident); V77.9 (Bus occupant injured in collision with fixed or stationary object,"
"unspecified bus occupant injured in traffic accident); V78.0 (Bus occupant injured in noncollision transport accident, driver"
"injured in nontraffic accident); V78.1 (Bus occupant injured in noncollision transport accident, passenger injured in nontraffic"
"accident); V78.2 (Bus occupant injured in noncollision transport accident, person on outside of vehicle injured in nontraffic"
"accident); V78.3 (Bus occupant injured in noncollision transport accident, unspecified bus occupant injured in nontraffic"
"accident); V78.4 (Bus occupant injured in noncollision transport accident, person injured while boarding or alighting); V78.5"
"(Bus occupant injured in noncollision transport accident, driver injured in traffic accident); V78.6 (Bus occupant injured in"
"noncollision transport accident, passenger injured in traffic accident); V78.7 (Bus occupant injured in noncollision transport"
"accident, person on outside of vehicle injured in traffic accident); V78.9 (Bus occupant injured in noncollision transport"
"accident, unspecified bus occupant injured in traffic accident); V79.0 (Driver injured in collision with other and unspecified"
"motor vehicles in nontraffic accident); V79.1 (Passenger injured in collision with other and unspecified motor vehicles in"
"nontraffic accident); V79.2 (Unspecified bus occupant injured in collision with other and unspecified motor vehicles in"
"nontraffic accident); V79.3 (Bus occupant [any] injured in unspecified nontraffic accident); V79.4 (Driver injured in collision"
"with other and unspecified motor vehicles in traffic accident); V79.5 (Passenger injured in collision with other and unspecified"
"motor vehicles in traffic accident); V79.6 (Unspecified bus occupant injured in collision with other and unspecified motor"
"vehicles in traffic accident); V79.8 (Bus occupant [any] injured in other specified transport accidents); V79.9 (Bus occupant"
"[any] injured in unspecified traffic accident); V80.0 (Rider or occupant injured by fall from or being thrown from animal or"
"animal-drawn vehicle in noncollision accident); V80.1 (Rider or occupant injured in collision with pedestrian or animal); V80.2"
"(Rider or occupant injured in collision with pedal cycle); V80.3 (Rider or occupant injured in collision with two- or"
"three-wheeled motor vehicle); V80.4 (Rider or occupant injured in collision with car, pick-up truck, van, heavy transport"
"vehicle or bus); V80.5 (Rider or occupant injured in collision with other specified motor vehicle); V80.6 (Rider or occupant"
"injured in collision with railway train or railway vehicle); V80.7 (Rider or occupant injured in collision with other nonmotor"
"vehicle); V80.8 (Rider or occupant injured in collision with fixed or stationary object); V80.9 (Rider or occupant injured in"
"other and unspecified transport accidents); V81.0 (Occupant of railway train or railway vehicle injured in collision with motor"
"vehicle in nontraffic accident); V81.1 (Occupant of railway train or railway vehicle injured in collision with motor vehicle in"
"traffic accident); V81.2 (Occupant of railway train or railway vehicle injured in collision with or hit by rolling stock); V81.3"
"(Occupant of railway train or railway vehicle injured in collision with other object); V81.4 (Person injured while boarding or"
"alighting from railway train or railway vehicle); V81.5 (Occupant of railway train or railway vehicle injured by fall in railway"
"train or railway vehicle); V81.6 (Occupant of railway train or railway vehicle injured by fall from railway train or railway"
"vehicle); V81.7 (Occupant of railway train or railway vehicle injured in derailment without antecedent collision); V81.8"
"(Occupant of railway train or railway vehicle injured in other specified railway accidents); V81.9 (Occupant of railway train or"
"railway vehicle injured in unspecified railway accident); V82.0 (Occupant of streetcar injured in collision with motor vehicle"
"in nontraffic accident); V82.1 (Occupant of streetcar injured in collision with motor vehicle in traffic accident); V82.2"
"(Occupant of streetcar injured in collision with or hit by rolling stock); V82.3 (Occupant of streetcar injured in collision"
"with other object); V82.4 (Person injured while boarding or alighting from streetcar); V82.5 (Occupant of streetcar injured by"
"fall in streetcar); V82.6 (Occupant of streetcar injured by fall from streetcar); V82.7 (Occupant of streetcar injured in"
"derailment without antecedent collision); V82.8 (Occupant of streetcar injured in other specified transport accidents); V82.9"
"(Occupant of streetcar injured in unspecified traffic accident); V83.0 (Driver of special industrial vehicle injured in traffic"
"accident); V83.1 (Passenger of special industrial vehicle injured in traffic accident); V83.2 (Person on outside of special"
"industrial vehicle injured in traffic accident); V83.3 (Unspecified occupant of special industrial vehicle injured in traffic"
"accident); V83.4 (Person injured while boarding or alighting from special industrial vehicle); V83.5 (Driver of special"
"industrial vehicle injured in nontraffic accident); V83.6 (Passenger of special industrial vehicle injured in nontraffic"
"accident); V83.7 (Person on outside of special industrial vehicle injured in nontraffic accident); V83.9 (Unspecified occupant"
"of special industrial vehicle injured in nontraffic accident); V84.0 (Driver of special agricultural vehicle injured in traffic"
"accident); V84.1 (Passenger of special agricultural vehicle injured in traffic accident); V84.2 (Person on outside of special"
"agricultural vehicle injured in traffic accident); V84.3 (Unspecified occupant of special agricultural vehicle injured in"
"traffic accident); V84.4 (Person injured while boarding or alighting from special agricultural vehicle); V84.5 (Driver of"
"special agricultural vehicle injured in nontraffic accident); V84.6 (Passenger of special agricultural vehicle injured in"
"nontraffic accident); V84.7 (Person on outside of special agricultural vehicle injured in nontraffic accident); V84.9"
"(Unspecified occupant of special agricultural vehicle injured in nontraffic accident); V85.0 (Driver of special construction"
"vehicle injured in traffic accident); V85.1 (Passenger of special construction vehicle injured in traffic accident); V85.2"
"(Person on outside of special construction vehicle injured in traffic accident); V85.3 (Unspecified occupant of special"
"construction vehicle injured in traffic accident); V85.4 (Person injured while boarding or alighting from special construction"
"vehicle); V85.5 (Driver of special construction vehicle injured in nontraffic accident); V85.6 (Passenger of special"
"construction vehicle injured in nontraffic accident); V85.7 (Person on outside of special construction vehicle injured in"
"nontraffic accident); V85.9 (Unspecified occupant of special construction vehicle injured in nontraffic accident); V86.0 (Driver"
"of all-terrain or other off-road motor vehicle injured in traffic accident); V86.1 (Passenger of all-terrain or other off-road"
"motor vehicle injured in traffic accident); V86.2 (Person on outside of all-terrain or other off-road motor vehicle injured in"
"traffic accident); V86.3 (Unspecified occupant of all-terrain or other off-road motor vehicle injured in traffic accident);"
"V86.4 (Person injured while boarding or alighting from all-terrain or other off-road motor vehicle); V86.5 (Driver of"
"all-terrain or other off-road motor vehicle injured in nontraffic accident); V86.6 (Passenger of all-terrain or other off-road"
"motor vehicle injured in nontraffic accident); V86.7 (Person on outside of all-terrain or other off-road motor vehicle injured"
"in nontraffic accident); V86.9 (Unspecified occupant of all-terrain or other off-road motor vehicle injured in nontraffic"
"accident); V87.0 (Person injured in collision between car and two- or three-wheeled motor vehicle (traffic)); V87.1 (Person"
"injured in collision between other motor vehicle and two- or three-wheeled motor vehicle (traffic)); V87.2 (Person injured in"
"collision between car and pick-up truck or van (traffic)); V87.3 (Person injured in collision between car and bus (traffic));"
"V87.4 (Person injured in collision between car and heavy transport vehicle (traffic)); V87.5 (Person injured in collision"
"between heavy transport vehicle and bus (traffic)); V87.6 (Person injured in collision between railway train or railway vehicle"
"and car (traffic)); V87.7 (Person injured in collision between other specified motor vehicles (traffic)); V87.8 (Person injured"
"in other specified noncollision transport accidents involving motor vehicle (traffic)); V87.9 (Person injured in other specified"
"(collision)(noncollision) transport accidents involving nonmotor vehicle (traffic)); V88.0 (Person injured in collision between"
"car and two- or three-wheeled motor vehicle, nontraffic); V88.1 (Person injured in collision between other motor vehicle and"
"two- or three-wheeled motor vehicle, nontraffic); V88.2 (Person injured in collision between car and pick-up truck or van,"
"nontraffic); V88.3 (Person injured in collision between car and bus, nontraffic); V88.4 (Person injured in collision between car"
"and heavy transport vehicle, nontraffic); V88.5 (Person injured in collision between heavy transport vehicle and bus,"
"nontraffic); V88.6 (Person injured in collision between railway train or railway vehicle and car, nontraffic); V88.7 (Person"
"injured in collision between other specified motor vehicles, nontraffic); V88.8 (Person injured in other specified noncollision"
"transport accidents involving motor vehicle, nontraffic); V88.9 (Person injured in other specified (collision)(noncollision)"
"transport accidents involving nonmotor vehicle, nontraffic); V89.0 (Person injured in unspecified motor-vehicle accident,"
"nontraffic); V89.1 (Person injured in unspecified nonmotor-vehicle accident, nontraffic); V89.2 (Person injured in unspecified"
"motor-vehicle accident, traffic); V89.3 (Person injured in unspecified nonmotor-vehicle accident, traffic); V89.9 (Person"
"injured in unspecified vehicle accident)"
"Sex: Male"
"States: California (06)"
"UCD - ICD-10 Codes: V01-Y89 (External causes of morbidity and mortality)"
"Year/Month: 2007; 2008; 2009; 2010; 2011; 2012; 2013; 2014; 2015; 2016; 2017; 2018; 2019; 2020"
"Group By: Five-Year Age Groups"
"Show Totals: True"
"Show Zero Values: False"
"Show Suppressed: False"
"Calculate Rates Per: 100,000"
"Rate Options: Default intercensal populations for years 2001-2009 (except Infant Age Groups)"
"---"
"Help: See http://wonder.cdc.gov/wonder/help/mcd.html for more information."
"---"
"Query Date: Mar 4, 2026 9:38:36 PM"
"---"
"Suggested Citation: Centers for Disease Control and Prevention, National Center for Health Statistics. National Vital Statistics"
"System, Mortality 1999-2020 on CDC WONDER Online Database, released in 2021. Data are from the Multiple Cause of Death Files,"
"1999-2020, as compiled from data provided by the 57 vital statistics jurisdictions through the Vital Statistics Cooperative"
"Program. Accessed at http://wonder.cdc.gov/mcd-icd10.html on Mar 4, 2026 9:38:36 PM"
"---"
Messages:
"1. Rows with suppressed Deaths are hidden, but the Deaths and Population values in those rows are included in the totals. Use"
"Quick Options above to show suppressed rows."
"---"
Caveats:
"1. Population and rates are labeled 'Not Applicable' when they include a subset of ages 85-100+ because populations are not"
"available for those ages. More information: http://wonder.cdc.gov/wonder/help/mcd.html#Ages 85-100."
"2. As of April 3, 2017, the underlying cause of death has been revised for 125 deaths in 2014. More information:"
"http://wonder.cdc.gov/wonder/help/mcd.html#2014-Revision."
"3. Data are Suppressed when the data meet the criteria for confidentiality constraints. More information:"
"http://wonder.cdc.gov/wonder/help/mcd.html#Assurance of Confidentiality."
"4. Deaths of persons with Age ""Not Stated"" are included in ""All"" counts and rates, but are not distributed among age groups,"
"so are not included in age-specific counts, age-specific rates or in any age-adjusted rates. More information:"
"http://wonder.cdc.gov/wonder/help/mcd.html#Not Stated."
"5. Deaths of persons with Hispanic origin ""Not Stated"" are included in ""All"" counts and rates, but are not distributed among"
"Hispanic Origin groups, so are not included in the Hispanic Origin specific counts and rates. More information:"
"http://wonder.cdc.gov/wonder/help/mcd.html#Not Stated."
"6. Information included on the death certificate about the race and Hispanic ethnicity of the decedent is reported by the"
"funeral director as provided by an informant, often the surviving next of kin, or, in the absence of an informant, on the basis"
"of observation. Race and ethnicity information from the census is by self-report. To the extent that race and Hispanic origin"
"are inconsistent between these two data sources, death rates will be biased. More information:"
"http://wonder.cdc.gov/wonder/help/mcd.html#Racial Differences."
"7. The population figures for year 2020 are bridged-race estimates of the July 1 resident population, from the Vintage 2020"
"postcensal series released by NCHS on September 22, 2021. The population figures for year 2019 are bridged-race estimates of the"
"July 1 resident population, from the Vintage 2019 postcensal series released by NCHS on July 9, 2020. The population figures for"
"year 2018 are bridged-race estimates of the July 1 resident population, from the Vintage 2018 postcensal series released by NCHS"
"on June 25, 2019. The population figures for year 2017 are bridged-race estimates of the July 1 resident population, from the"
"Vintage 2017 postcensal series released by NCHS on June 27, 2018. The population figures for year 2016 are bridged-race"
"estimates of the July 1 resident population, from the Vintage 2016 postcensal series released by NCHS on June 26, 2017. The"
"population figures for year 2015 are bridged-race estimates of the July 1 resident population, from the Vintage 2015 postcensal"
"series released by NCHS on June 28, 2016. The population figures for year 2014 are bridged-race estimates of the July 1 resident"
"population, from the Vintage 2014 postcensal series released by NCHS on June 30, 2015. The population figures for year 2013 are"
"bridged-race estimates of the July 1 resident population, from the Vintage 2013 postcensal series released by NCHS on June 26,"
"2014. The population figures for year 2012 are bridged-race estimates of the July 1 resident population, from the Vintage 2012"
"postcensal series released by NCHS on June 13, 2013. Population figures for 2011 are bridged-race estimates of the July 1"
"resident population, from the county-level postcensal Vintage 2011 series released by NCHS on July 18, 2012. Population figures"
"for 2010 are April 1 Census counts. The population figures for years 2001 - 2009, are bridged-race estimates of the July 1"
"resident population, from the revised intercensal county-level 2000 - 2009 series released by NCHS on October 26, 2012."
"Population figures for 2000 are April 1 Census counts. Population figures for 1999 are from the 1990-1999 intercensal series of"
"July 1 estimates. Population figures for Infant Age Groups are the number of live births. <br/><b>Note:</b> Rates and population"
"figures for years 2001 - 2009 differ slightly from previously published reports, due to use of the population estimates which"
"were available at the time of release."
"8. The population figures used in the calculation of death rates for the age group 'under 1 year' are the estimates of the"
"resident population that is under one year of age. More information: http://wonder.cdc.gov/wonder/help/mcd.html#Age Group."
"9. On March 11, 2021, the 2019 mortality data on CDC WONDER was updated with the 2019 mortality data updated by NCHS on March 4,"
"2021 to include corrected information for residents of Texas affecting 5 records previously coded to cause code *U01.4,"
"Terrorism involving firearms (homicide). The underlying and multiple cause of death codes for 5 records were corrected in the"
"2019 data. Underlying and multiple cause of death codes for those 5 records were recoded to Assault (homicide) by other and"
"unspecified firearm discharge, ICD-10 code X95. The corrected final death records replaces the data released on December 22,"
"2020."
"10. Changes to cause of death classification affect reporting trends. More information:"
"http://wonder.cdc.gov/wonder/help/mcd.html#ICD-10 Changes."